-- MySQL dump 10.13  Distrib 5.6.15, for osx10.9 (x86_64)
--
-- Host: staging2.caccvpdn1wcb.us-east-1.rds.amazonaws.com    Database: devint_pricingengine
-- ------------------------------------------------------
-- Server version	5.6.21-log

/*!40101 SET @OLD_CHARACTER_SET_CLIENT=@@CHARACTER_SET_CLIENT */;
/*!40101 SET @OLD_CHARACTER_SET_RESULTS=@@CHARACTER_SET_RESULTS */;
/*!40101 SET @OLD_COLLATION_CONNECTION=@@COLLATION_CONNECTION */;
/*!40101 SET NAMES utf8 */;
/*!40103 SET @OLD_TIME_ZONE=@@TIME_ZONE */;
/*!40103 SET TIME_ZONE='+00:00' */;
/*!40014 SET @OLD_UNIQUE_CHECKS=@@UNIQUE_CHECKS, UNIQUE_CHECKS=0 */;
/*!40014 SET @OLD_FOREIGN_KEY_CHECKS=@@FOREIGN_KEY_CHECKS, FOREIGN_KEY_CHECKS=0 */;
/*!40101 SET @OLD_SQL_MODE=@@SQL_MODE, SQL_MODE='NO_AUTO_VALUE_ON_ZERO' */;
/*!40111 SET @OLD_SQL_NOTES=@@SQL_NOTES, SQL_NOTES=0 */;

--
-- Table structure for table `manufacturer`
--

DROP TABLE IF EXISTS `manufacturer`;
/*!40101 SET @saved_cs_client     = @@character_set_client */;
/*!40101 SET character_set_client = utf8 */;
CREATE TABLE `manufacturer` (
  `id` int(10) unsigned NOT NULL AUTO_INCREMENT,
  `name` varchar(255) DEFAULT NULL,
  PRIMARY KEY (`id`)
) ENGINE=InnoDB AUTO_INCREMENT=61 DEFAULT CHARSET=utf8;
/*!40101 SET character_set_client = @saved_cs_client */;

--
-- Dumping data for table `manufacturer`
--

LOCK TABLES `manufacturer` WRITE;
/*!40000 ALTER TABLE `manufacturer` DISABLE KEYS */;
INSERT INTO `manufacturer` VALUES (1,'BP Solar'),(2,'Canadian'),(3,'Canadian Solar'),(4,'Conergy'),(5,'Delta Energy Systems'),(6,'Enphase'),(7,'ET Solar'),(8,'ET Solar Industry'),(9,'German Solar'),(10,'Growatt New Energy'),(11,'Helios USA'),(12,'Hyundai Heavy Industries'),(13,'JA Solar'),(14,'Kaco'),(15,'Kstar New Energy'),(16,'Kyocera'),(17,'LG'),(18,'LGate 100'),(19,'Mastervolt'),(20,'Miasole'),(21,'Motech Americas'),(22,'Ningbo'),(23,'No'),(24,'Omnik'),(25,'Power One'),(26,'Power-One'),(27,'PV'),(28,'Q-Cells'),(29,'REC'),(30,'REC Solar'),(31,'Renesola'),(32,'Samil Power'),(33,'Schuco USA'),(34,'Sharp'),(35,'SMA'),(36,'SMA America'),(37,'Solar Clarity'),(38,'Solar Edge'),(39,'Solar Juice'),(40,'SolarWorld'),(41,'Solectria'),(42,'Solon'),(43,'Suniva'),(44,'SunPower'),(45,'Sunrise Suntech'),(46,'Suntech'),(47,'Suntech Power'),(48,'Trina Solar'),(49,'Universal Solar'),(50,'ABB'),(51,'Zeversolar'),(52,'Delta Electronics'),(53,'SolarEdge Technologies'),(54,'APS America'),(55,'White Label'),(56,'Ningbo Ginlong Technologies'),(57,'SolarWatt'),(58,'BENQ'),(59,'Solvis'),(60,'Gintech');
/*!40000 ALTER TABLE `manufacturer` ENABLE KEYS */;
UNLOCK TABLES;

--
-- Table structure for table `equipment_type`
--

DROP TABLE IF EXISTS `equipment_type`;
/*!40101 SET @saved_cs_client     = @@character_set_client */;
/*!40101 SET character_set_client = utf8 */;
CREATE TABLE `equipment_type` (
  `id` int(10) unsigned NOT NULL AUTO_INCREMENT,
  `name` varchar(255) DEFAULT NULL,
  PRIMARY KEY (`id`)
) ENGINE=InnoDB AUTO_INCREMENT=3 DEFAULT CHARSET=utf8;
/*!40101 SET character_set_client = @saved_cs_client */;

--
-- Dumping data for table `equipment_type`
--

LOCK TABLES `equipment_type` WRITE;
/*!40000 ALTER TABLE `equipment_type` DISABLE KEYS */;
INSERT INTO `equipment_type` VALUES (1,'inverter'),(2,'module');
/*!40000 ALTER TABLE `equipment_type` ENABLE KEYS */;
UNLOCK TABLES;

--
-- Table structure for table `equipment`
--

DROP TABLE IF EXISTS `equipment`;
/*!40101 SET @saved_cs_client     = @@character_set_client */;
/*!40101 SET character_set_client = utf8 */;
CREATE TABLE `equipment` (
  `id` int(10) unsigned NOT NULL,
  `equipment_type_id` int(10) unsigned NOT NULL,
  `manufacturer_id` int(10) unsigned NOT NULL,
  `model` varchar(255) NOT NULL,
  `description` varchar(255) DEFAULT NULL,
  `rating` int(10) unsigned DEFAULT NULL,
  `panel_kw_stc` double DEFAULT NULL,
  `panel_kw_ptc` double DEFAULT NULL,
  `panel_height_mm` double DEFAULT NULL,
  `panel_width_mm` double DEFAULT NULL,
  `inverter_efficiency` double DEFAULT NULL,
  `inverter_output_voltage` double DEFAULT NULL,
  `inverter_is_three_phase` tinyint(1) DEFAULT NULL,
  `panel_is_bipv_rated` double DEFAULT NULL,
  `power_temp_coefficient` double DEFAULT NULL,
  `normal_operating_cell_temperature` double DEFAULT NULL,
  `median_pmax_multiplier` double DEFAULT NULL,
  `date_median_pmax_updated` date DEFAULT NULL,
  `pmax_notes` varchar(255) DEFAULT NULL,
  `panel_area` double DEFAULT NULL,
  `modified_date` timestamp NOT NULL DEFAULT CURRENT_TIMESTAMP ON UPDATE CURRENT_TIMESTAMP,
  `is_archived` tinyint(1) DEFAULT NULL,
  PRIMARY KEY (`id`),
  KEY `equipment_type_id_FK` (`equipment_type_id`),
  KEY `manufacturer_id_FK` (`manufacturer_id`),
  CONSTRAINT `equipment_type_id_FK` FOREIGN KEY (`equipment_type_id`) REFERENCES `equipment_type` (`id`) ON DELETE NO ACTION ON UPDATE NO ACTION,
  CONSTRAINT `manufacturer_id_FK` FOREIGN KEY (`manufacturer_id`) REFERENCES `manufacturer` (`id`) ON DELETE NO ACTION ON UPDATE NO ACTION
) ENGINE=InnoDB DEFAULT CHARSET=utf8;
/*!40101 SET character_set_client = @saved_cs_client */;

--
-- Dumping data for table `equipment`
--

LOCK TABLES `equipment` WRITE;
/*!40000 ALTER TABLE `equipment` DISABLE KEYS */;
INSERT INTO `equipment` VALUES (32,2,1,'BP175B','175W Polycrystalline Module, Multicontact, Bronze Frame',NULL,0.175,0.1573,1580,808,NULL,NULL,NULL,0,-0.4525,46,1,'2013-05-31','',1.276,'2013-06-13 04:38:01',NULL),(33,2,1,'BP175I','175W Polycrystalline Module, Multicontact, Integra Frame',NULL,0.175,0.1573,1587,828,NULL,NULL,NULL,0,-0.4525,46,1,'2013-05-31','',1.24,'2013-10-23 04:38:08',NULL),(406,1,14,'1501xi','1.5 kW, 240 Vac, 125-400Vdc Utility Interactive Inverter',2,NULL,NULL,NULL,NULL,0.94,NULL,NULL,0,0,0,NULL,NULL,NULL,0,'2012-08-15 03:22:07',NULL),(407,1,14,'2901xi','2.9 kW, 240 Vac, 125-400Vdc Utility Interactive Inverter',3,NULL,NULL,NULL,NULL,0.94,NULL,NULL,0,0,0,NULL,NULL,NULL,0,'2012-08-15 03:22:07',NULL),(408,1,14,'3601xi','3.6 kW, 240 Vac, 125-400Vdc Utility Interactive Inverter',4,NULL,NULL,NULL,NULL,0.935,NULL,NULL,0,0,0,NULL,NULL,NULL,0,'2012-08-15 03:22:07',NULL),(464,1,26,'PVI-5000-OUTD-US (240 V)','5 kW (240Vac) Utility Interactive Inverter',5,NULL,NULL,NULL,NULL,0.965,NULL,0,0,0,0,NULL,NULL,NULL,0,'2012-08-15 03:22:07',NULL),(467,1,26,'PVI-6000-OUTD-US (240 V)','6 kW (240Vac) Utility Interactive Inverter',6,NULL,NULL,NULL,NULL,0.965,NULL,0,0,0,0,NULL,NULL,NULL,0,'2012-08-15 03:22:07',NULL),(480,1,27,'PVP2000','2000W (240Vac) Utility Interactive Inverter',2,NULL,NULL,NULL,NULL,0.925,NULL,NULL,0,0,0,NULL,NULL,NULL,0,'2012-08-15 03:22:07',NULL),(489,1,27,'PVP3500','3500W (240Vac) Utility Interactive Inverter',4,NULL,NULL,NULL,NULL,0.955,NULL,NULL,0,0,0,NULL,NULL,NULL,0,'2012-08-15 03:22:07',NULL),(568,1,35,'SB3000US (240V)','3kW, 240Vac Sunny Boy Utility Interactive Inverter with display',3,NULL,NULL,NULL,NULL,0.955,NULL,NULL,0,0,0,NULL,NULL,NULL,0,'2012-08-15 03:22:07',NULL),(573,1,35,'SB4000US (240V)','4kW, 240Vac Sunny Boy Utility Interactive Inverter with display',4,NULL,NULL,NULL,NULL,0.96,NULL,NULL,0,0,0,NULL,NULL,NULL,0,'2012-08-15 03:22:07',NULL),(575,1,35,'SB5000US (240V)','5kW, 240Vac Sunny Boy Utility Interactive Inverter with display',5,NULL,NULL,NULL,NULL,0.955,NULL,NULL,0,0,0,NULL,NULL,NULL,0,'2012-08-15 03:22:07',NULL),(581,1,35,'SB6000US (240V)','6kW, 240Vac Sunny Boy Utility Interactive Inverter with display',6,NULL,NULL,NULL,NULL,0.955,NULL,NULL,0,0,0,NULL,NULL,NULL,0,'2012-08-15 03:22:07',NULL),(584,1,35,'SB7000US (240V)','7kW, 240Vac Sunny Boy Utility Interactive Inverter with display',7,NULL,NULL,NULL,NULL,0.96,NULL,NULL,0,0,0,NULL,NULL,NULL,0,'2012-08-15 03:22:07',NULL),(604,1,41,'PVI 3000 (240V)','2.9kW (240Vac) Utility-Interactive Inverter',3,NULL,NULL,NULL,NULL,0.96,NULL,NULL,0,0,0,NULL,NULL,NULL,0,'2012-08-15 03:22:07',NULL),(608,1,41,'PVI 4000 (240V)','3.9kW (240Vac) Utility-Interactive Inverter',4,NULL,NULL,NULL,NULL,0.96,NULL,NULL,0,0,0,NULL,NULL,NULL,0,'2012-08-15 03:22:07',NULL),(612,1,41,'PVI 5000 (240V)','4.9kW (240Vac) Utility-Interactive Inverter',5,NULL,NULL,NULL,NULL,0.96,NULL,NULL,0,0,0,NULL,NULL,NULL,0,'2012-08-15 03:22:07',NULL),(654,1,44,'SPR-3000m (240V)','3kW, 240Vac Utility Interactive Inverter with display',3,NULL,NULL,NULL,NULL,0.955,NULL,NULL,0,0,0,NULL,NULL,NULL,0,'2012-08-15 03:22:07',NULL),(656,1,44,'SPR-4000m (240V)','4kW, 240Vac Utility Interactive Inverter with display',4,NULL,NULL,NULL,NULL,0.96,NULL,NULL,0,0,0,NULL,NULL,NULL,0,'2012-08-15 03:22:07',NULL),(658,1,44,'SPR-5000m (240V)','5kW, 240Vac Utility Interactive Inverter with display',5,NULL,NULL,NULL,NULL,0.955,NULL,NULL,0,0,0,NULL,NULL,NULL,0,'2012-08-15 03:22:07',NULL),(661,1,44,'SPR-6000m (240V)','6kW, 240Vac Utility Interactive Inverter with display',6,NULL,NULL,NULL,NULL,0.955,NULL,NULL,0,0,0,NULL,NULL,NULL,0,'2012-08-15 03:22:07',NULL),(664,1,44,'SPR-7000m (240V)','7kW, 240Vac Utility Interactive Inverter with display',7,NULL,NULL,NULL,NULL,0.96,NULL,NULL,0,0,0,NULL,NULL,NULL,0,'2012-08-15 03:22:07',NULL),(751,1,14,'blueplanet 3502xi (240V)','3.5 kW, 240 Vac, 200-600Vdc Utility Interactive Inverter',NULL,NULL,NULL,NULL,NULL,0.955,240,0,NULL,NULL,NULL,NULL,NULL,NULL,NULL,'2012-08-15 03:22:07',NULL),(752,1,14,'blueplanet 5002xi (240V)','5 kW, 240 Vac, 200-600Vdc Utility Interactive Inverter',NULL,NULL,NULL,NULL,NULL,0.955,NULL,0,NULL,NULL,NULL,NULL,NULL,NULL,NULL,'2012-08-15 03:22:07',NULL),(753,1,35,'SB8000US (240V)','8kW, 240Vac Sunny Boy Utility Interactive Inverter with display',8,0.23,0.1979,NULL,NULL,0.96,NULL,NULL,0,-0.5137,50.6,NULL,NULL,NULL,1.61,'2012-08-15 03:22:07',NULL),(875,2,16,'KD210GX-LP','210W Polycrystalline Module, High Efficiency, Deep Blue',NULL,0.21,0.1846,1501,991,NULL,NULL,NULL,0,-0.49,48.2,1,'2013-05-31','',1.487,'2013-06-13 04:38:01',NULL),(895,2,22,'TDB125ÃƒÂ¯Ã‚Â¿Ã‚Â½125-72-P 150W','150W Monocrystalline Module',NULL,0.15,0.1332,1580,808,NULL,NULL,NULL,0,-0.457,47.2,1,'2013-05-31','Module not included in the database, but others similar modules were +/-3%. Used this range for all Ningbo modules.',1.277,'2013-10-23 04:38:08',NULL),(900,2,22,'TDB125ÃƒÂ¯Ã‚Â¿Ã‚Â½125-72-P 175W','175W Monocrystalline Module',NULL,0.175,0.1559,1580,808,NULL,NULL,NULL,0,-0.457,47.2,1,'2013-05-31','Module not included in the database, but others similar modules were +/-3%. Used this range for all Ningbo modules.',1.277,'2013-10-23 04:38:08',NULL),(1009,2,34,'ND-216UC1','216W Polycrystalline Module, Locking Connector',NULL,0.216,0.185,1640,994,NULL,NULL,NULL,0,-0.49,52.2,1,'2013-05-31','Module not in the database, using 0 as default',1.63,'2013-06-13 04:38:01',NULL),(1025,2,34,'NT-175U1','175W Monocrystalline Module',NULL,0.175,0.1518,1575,826,NULL,NULL,NULL,0,-0.467,51.4,1,'2013-05-31','Module not in the database, using 0 as default',1.301,'2013-10-23 04:38:08',NULL),(1055,2,40,'SW175 mono','175W Monocrystalline Module',NULL,0.175,0.1566,1610,810,NULL,NULL,NULL,0,-0.4969,44.6,1,'2013-05-31','',1.304,'2013-10-23 04:38:08',NULL),(1087,2,44,'SPR-210-BLK-U','210W Monocrystalline Module, Framed, Grid Connect, Black Backsheet',NULL,0.21,0.1889,1559,798,NULL,NULL,NULL,0,-0.4072,49.2,1,'2013-05-31','Used median pmax from SPR-210-BLK-I',1.244,'2013-10-23 04:38:08',NULL),(1092,2,44,'SPR-225-BLK-U','225W Monocrystalline Module, Framed, Grid Connect, Black Backsheet',NULL,0.225,0.2029,1559,798,NULL,NULL,NULL,0,-0.4072,49.2,1,'2013-05-31','Used median pmax from SPR-225-BLK-I',1.304,'2013-06-13 04:38:01',NULL),(1093,2,44,'SPR-230-WHT-U','230W Monocrystalline Module, Framed, Grid Connect, White Backsheet',NULL,0.23,0.2095,1559,798,NULL,NULL,NULL,0,-0.3881,48.1,1,'2013-05-31','Used median pmax from SPR-230-WHT-U',1.244,'2013-10-23 04:38:08',NULL),(1108,2,46,'STP170S-24/Ab-1','170W Monocrystalline Module, MC Connectors',NULL,0.17,0.1475,1580,808,NULL,NULL,NULL,0,-0.4908,50,1,'2013-05-31','',1.277,'2013-10-23 04:38:08',NULL),(1110,2,46,'STP175S-24/Ab-1','175W Monocrystalline Module, MC Connectors',NULL,0.175,0.152,1580,808,NULL,NULL,NULL,0,-0.4908,50,1,'2013-05-31','',1.277,'2013-10-23 04:38:08',NULL),(1111,2,46,'STP175S-24/Ab-1 Black','175W Monocrystalline Module, MC Connectors, Black Backsheet',NULL,0.175,0.1575,1580,808,NULL,NULL,NULL,0,-0.4978,49.9,1,'2013-05-31','',1.277,'2013-10-23 04:38:08',NULL),(1113,2,46,'STP180S-24/Ab-1 Black','180W Monocrystalline Module, MC Connectors, Black Backsheet',NULL,0.18,0.1562,1580,808,NULL,NULL,NULL,0,-0.4978,49.9,1,'2013-05-31','',1.277,'2013-10-23 04:38:08',NULL),(1116,2,46,'STP200-18/UB-1','200W Polycrystalline Module, MC Connectors',NULL,0.2,0.1714,1501,992,NULL,NULL,NULL,0,-0.5485,49.3,1,'2013-05-31','',1.47,'2013-06-13 04:38:01',NULL),(1118,2,46,'STP230D-12/VEC','230W Polycrystalline Module, MC Connectors, Transparent Backsheet',NULL,0.23,0.2016,1956,992,NULL,NULL,NULL,0,-0.4498,49.9,1,'2013-05-31','Model not included in the database. Using 0 as a default value',1.94,'2013-10-23 04:38:08',NULL),(1169,2,2,'CS5A-170M','170W Monocrystalline Module',NULL,0.17,0.1547,1595,801,NULL,NULL,NULL,0,-0.476,42.4,1,'2013-05-31','',1.278,'2013-06-13 04:38:01',NULL),(1172,2,2,'CS5A-175M','175W Monocrystalline Module',NULL,0.175,0.1594,1595,801,NULL,NULL,NULL,0,-0.476,42.4,1.0143,'2013-05-31','',1.278,'2013-06-13 04:38:01',NULL),(1175,2,2,'CS5A-180M','180W Monocrystalline Module',NULL,0.18,0.164,1595,801,NULL,NULL,NULL,0,-0.476,42.4,1.0139,'2013-05-31','',1.278,'2013-06-13 04:38:01',NULL),(1242,1,6,'M175-24-240-Sxx','175 W, 24Vdc, 240Vac, utility-interactive modular inverter, xx is 01 or 02.',0,NULL,NULL,NULL,NULL,0.945,NULL,NULL,0,0,0,NULL,NULL,NULL,0,'2012-08-15 03:22:07',NULL),(1244,1,6,'M190-72-240-Sxx','190 W, 32Vdc, 240Vac, utility-interactive modular inverter, xx is 11 or 12.',0,NULL,NULL,NULL,NULL,0.95,NULL,NULL,0,0,0,NULL,NULL,NULL,0,'2012-08-15 03:22:07',NULL),(1449,1,14,'blueplanet 1502xi (240V)','1.5 kW, 240 Vac, 125-500Vdc Utility Interactive Inverter',2,NULL,NULL,NULL,NULL,0.955,NULL,0,0,0,0,NULL,NULL,NULL,0,'2012-08-15 03:22:07',NULL),(1451,1,14,'blueplanet 2502xi (240V)','2.5 kW, 240 Vac, 125-500Vdc Utility Interactive Inverter',3,NULL,NULL,NULL,NULL,0.955,NULL,0,0,0,0,NULL,NULL,NULL,0,'2012-08-15 03:22:07',NULL),(2001,2,1,'BP3175B','175W Polycrystalline Module, MC4, U Frame, Black/Black',NULL,0.175,0.1572,1590,790,NULL,NULL,NULL,0,-0.4525,46,1,'2013-05-31','',1.256,'2013-10-23 04:38:08',NULL),(2004,2,1,'BP3170B','170W Polycrystalline Module, MC4, U Frame',NULL,0.17,0.1533,1590,790,NULL,NULL,NULL,0,-0.409,47.3,1,'2013-05-31','Module not included in the photon module db, used Pmax tolerance range from the BP3175B',1.256,'2013-10-23 04:38:08',NULL),(2011,2,1,'BP4175B','175W Monocrystalline Module, MC4, U Frame, Black/Black',NULL,0.175,0.1562,1587,790,NULL,NULL,0,0,-0.468,46.5,1.025,'2013-05-31','Using .025 even though the spec sheet suggests that these panels can be either -3/+5% or -0/+5% depending on cell type. Verbal confirmation from Supply Chain that these were positive tolerance modules',1.254,'2013-06-13 04:38:01',NULL),(2101,2,42,'Black 235','235W Monocrystalline Module',NULL,0.235,0.2034,1640,1000,NULL,NULL,NULL,0,-0.5303,48.9,1,'2013-05-31','',1.64,'2014-09-03 04:06:56',1),(2102,2,42,'Black 240','240W Monocrystalline Module',NULL,0.24,0.2079,1640,1000,NULL,NULL,NULL,0,-0.5303,48.9,1,'2013-05-31','',1.64,'2013-06-13 04:38:01',NULL),(2201,2,40,'SW225 mono black','225W Monocrystalline Module',NULL,0.225,0.2004,1675,1001,NULL,NULL,NULL,0,-0.469,46.6,1.0111,'2013-05-31','',1.677,'2013-06-13 04:38:01',NULL),(2301,2,34,'NU-U235F3','235W Monocrystalline Module, Locking Connector, Black Frame',NULL,0.235,0.2117,1640,1000,NULL,NULL,NULL,0,-0.458,45.4,1.025,'2013-05-31','Range for these modules is -5%/+10%. Wide binning range could increase mismatch losses.',1.63,'2013-06-13 04:38:01',NULL),(2305,2,2,'CS5A-185MX','185W Monocrystalline Module with ZEP',NULL,0.185,0.1677,1595,801,NULL,NULL,NULL,0,-0.448,44.7,1.0135,'2013-05-31','CS6P-235MX module not in the photon db, used the same value as the CS6P-235M model',1.278,'2013-06-13 04:38:01',NULL),(2306,2,2,'CS5A-185M','185W Monocrystalline Module',NULL,0.185,0.1677,1595,801,NULL,NULL,NULL,0,-0.448,44.7,1.0135,'2013-05-31','',1.278,'2013-06-13 04:38:01',NULL),(2313,2,40,'Sunmodule SW 235 Black','235W Monocrystalline Module',NULL,0.235,0.2098,1640,1000,NULL,NULL,NULL,0,-0.469,46.6,1.0106,'2013-05-31','',1.61,'2013-06-13 04:38:01',NULL),(2315,2,4,'Conergy Black 225PA','225W Polycrystalline Module',NULL,0.225,0.2018,1652,1000,NULL,NULL,NULL,0,-0.459,45.9,1,'2013-05-31','',1.652,'2013-06-13 04:38:01',NULL),(2318,2,33,'MPE 185 MS 05','185W STC Monocrystalline Module, Black Backsheet',NULL,0.185,0.1672,1580,808,NULL,NULL,0,NULL,-0.434,45.9,1.025,'2013-05-31','',1.277,'2013-06-13 04:38:01',NULL),(2320,2,8,'ET-M572185B','185W Monocrystalline Module, Black Frame, Black Backsheet',NULL,0.185,0.1642,1580,808,NULL,NULL,0,0,-0.454,48.4,1.0135,'2013-05-31','',1.277,'2013-06-13 04:38:01',NULL),(10001,0,14,'watchDOG','KACO watchDOG',NULL,NULL,NULL,NULL,NULL,NULL,NULL,NULL,0,0,0,NULL,NULL,NULL,0,'2012-08-15 03:22:07',NULL),(10002,0,14,'watchDOG (8\" frame)','watchDOG (8\" frame)',NULL,NULL,NULL,NULL,NULL,NULL,NULL,NULL,0,0,0,NULL,NULL,NULL,0,'2012-08-15 03:22:07',NULL),(10003,0,14,'watchDOG (10\" frame)','KACO watchDOG (10\" frame)',NULL,NULL,NULL,NULL,NULL,NULL,NULL,NULL,0,0,0,NULL,NULL,NULL,0,'2012-08-15 03:22:07',NULL),(10004,0,41,'SolrenView','SolrenView',NULL,NULL,NULL,NULL,NULL,NULL,NULL,NULL,0,0,0,NULL,NULL,NULL,0,'2012-08-15 03:22:07',NULL),(10005,0,6,'EMU','Enphase EMU',NULL,NULL,NULL,NULL,NULL,NULL,NULL,NULL,0,0,0,NULL,NULL,NULL,0,'2012-08-15 03:22:07',NULL),(10006,0,35,'Sunny WebBox','SMA Sunny WebBox',NULL,NULL,NULL,NULL,NULL,NULL,NULL,NULL,0,0,0,NULL,NULL,NULL,0,'2012-08-15 03:22:07',NULL),(10007,2,34,'NU-Q235F4','235W Monocrystalline Module',NULL,0.235,0.2119,1640,994,NULL,NULL,0,NULL,-0.458,45.4,1.025,'2013-05-31','Range for these modules is -5%/+10%. Wide binning range could increase mismatch losses.',1.63,'2013-06-13 04:38:01',NULL),(10008,2,29,'REC225PE-US (BLK)','225W Polycrystalline Module',NULL,0.225,0.1997,1665,991,NULL,NULL,0,NULL,-0.457,47.9,1.0111,'2013-05-31','',1.65,'2013-06-13 04:38:01',NULL),(10014,2,47,'STP185S-24/Adb+','185W Monocrystalline Module, Black Backsheet	',NULL,0.185,0.1672,1580,808,NULL,NULL,0,0,-0.436,45.8,1.025,'2013-05-31','',1.277,'2013-06-13 04:38:01',NULL),(10015,2,1,'BP4180B','180W Monocrystalline Module, U Frame, Black/Black',NULL,0.18,0.1605,1587,790,NULL,NULL,0,0,-0.439,48.3,1.025,'2013-05-31','Using .025 even though the spec sheet suggests that these panels can be either -3/+5% or -0/+5% depending on cell type. Verbal confirmation from Supply Chain that these were positive tolerance modules',1.254,'2013-06-13 04:38:01',NULL),(10016,2,30,'REC235PE (BLK)','235W Polycrystalline Module',NULL,0.235,0.2088,1665,991,NULL,NULL,0,0,-0.457,47.9,1.01065,'2013-05-31','',1.65,'2013-06-13 04:38:01',NULL),(10017,0,18,'Locus','Locus',NULL,NULL,NULL,NULL,NULL,NULL,NULL,NULL,NULL,NULL,NULL,NULL,NULL,NULL,NULL,'2012-08-15 03:22:07',NULL),(10018,0,23,'Monitoring','No Monitoring',NULL,NULL,NULL,NULL,NULL,NULL,NULL,NULL,NULL,NULL,NULL,NULL,NULL,NULL,NULL,'2012-08-15 03:22:07',NULL),(10019,1,35,'SB3800US (240V)','3.8kW, 240Vac Sunny Boy Utility Interactive Inverter with display',NULL,NULL,NULL,NULL,NULL,0.96,NULL,0,NULL,NULL,NULL,NULL,NULL,NULL,NULL,'2012-08-15 03:22:07',NULL),(10020,1,26,'PVI-3.0-OUTD-S-US (240 V)','3 kW (240Vac) Utility Interactive Inverter',NULL,NULL,NULL,NULL,NULL,0.96,240,0,NULL,NULL,NULL,NULL,NULL,NULL,NULL,'2012-08-15 03:22:07',NULL),(10021,1,26,'PVI-3.6-OUTD-S-US (240 V)','3.6 kW (240Vac) Utility Interactive Inverter',NULL,NULL,NULL,NULL,NULL,0.96,240,0,NULL,NULL,NULL,NULL,NULL,NULL,NULL,'2012-08-15 03:22:07',NULL),(10022,1,26,'PVI-4.2-OUTD-S-US (240 V)','4.2 kW (240Vac) Utility Interactive Inverter',NULL,NULL,NULL,NULL,NULL,0.96,240,0,NULL,NULL,NULL,NULL,NULL,NULL,NULL,'2012-08-15 03:22:07',NULL),(10023,1,36,'SB2000HFUS-30 (240V)','2kW, 240Vac Sunny Boy Utility Interactive Inverter',NULL,NULL,NULL,NULL,NULL,0.97,240,0,NULL,NULL,NULL,NULL,NULL,NULL,NULL,'2012-08-15 03:22:07',NULL),(10024,1,36,'SB2500HFUS-30 (240V)	','2.5kW, 240Vac Sunny Boy Utility Interactive Inverter	',NULL,NULL,NULL,NULL,NULL,0.965,240,0,NULL,NULL,NULL,NULL,NULL,NULL,NULL,'2012-08-15 03:22:07',NULL),(10025,1,36,'SB3000HFUS-30 (240V)','3kW, 240Vac Sunny Boy Utility Interactive Inverter	',NULL,NULL,NULL,NULL,NULL,0.965,240,0,NULL,NULL,NULL,NULL,NULL,NULL,NULL,'2012-08-15 03:22:07',NULL),(10026,2,33,'MPE 230 PS 09','230W Polycrystalline Module',NULL,0.23,0.2088,1652,994,NULL,NULL,0,NULL,-0.46872,43.4,1.025,'2013-05-31','',1.642,'2013-06-13 04:38:01',NULL),(10027,2,33,'MPE 180 MS 05','180W Monocrystalline Module, Black Backsheet	',NULL,0.18,0.1626,1580,808,NULL,NULL,0,NULL,-0.434,45.9,1.025,'2013-05-31','',1.277,'2013-06-13 04:38:01',NULL),(10028,2,47,'STP190S-24/Adb+','190W Monocrystalline Module, Black Backsheet',NULL,0.19,0.1718,1580,808,NULL,NULL,0,NULL,-0.436,45.8,1.025,'2013-05-31','',1.277,'2013-06-13 04:38:01',NULL),(10029,2,34,'NU-U235F4','235W Monocrystalline Module',NULL,0.235,0.2119,1640,994,NULL,NULL,0,NULL,-0.458,45.4,1.025,'2013-05-31','Range for these modules is -5%/+10%. Wide binning range could increase mismatch losses.',1.63,'2013-06-13 04:38:01',NULL),(10030,2,33,'MPE 190 MS 05','190W Monocrystalline Module',NULL,0.19,0.172,1580,808,NULL,NULL,0,NULL,-0.434,45.9,1.025,'2013-05-31','',1.277,'2013-06-13 04:38:01',NULL),(10031,2,20,'MS130GG','130W Thin Film CIGS Module',NULL,0.13,0.1167,1611,665,NULL,NULL,0,NULL,-0.463,45,1.01925,'2013-05-31','',1.071315,'2013-06-13 04:38:01',NULL),(10032,2,12,'HiS-S245MG(BK)','245W Monocrystalline Module',NULL,0.245,0.2168,1645,983,NULL,NULL,0,NULL,-0.4974,47,1.015,'2013-05-31','',1.617,'2013-06-13 04:38:01',NULL),(10033,2,21,'MTPVp-235-MSB','235W Polycrystalline Module, Black Backsheet, Black Frame',NULL,0.235,0.208,1650,992,NULL,NULL,0,NULL,-0.461,48.7,1.01,'2013-05-31','',1.637,'2013-06-13 04:38:01',NULL),(10034,1,26,'PVI-3.8-I-OUTD-S-US-NG (240 V)','3.8 kW (240Vac) Inverter',NULL,NULL,NULL,NULL,NULL,0.965,240,0,NULL,NULL,NULL,NULL,NULL,NULL,NULL,'2012-08-15 03:22:07',NULL),(10035,1,26,'PVI-4.6-I-OUTD-S-US-NG (240 V)','4.6 kW (240Vac) Inverter',NULL,NULL,NULL,NULL,NULL,0.965,240,0,NULL,NULL,NULL,NULL,NULL,NULL,NULL,'2012-08-15 03:22:07',NULL),(10036,1,19,'XS3200','',NULL,NULL,NULL,NULL,NULL,0.944,230,0,NULL,NULL,NULL,NULL,NULL,NULL,NULL,'2012-08-15 03:22:07',NULL),(10037,1,19,'XS2000','',NULL,NULL,NULL,NULL,NULL,0.944,230,0,NULL,NULL,NULL,NULL,NULL,NULL,NULL,'2012-08-15 03:22:07',NULL),(10038,1,19,'XS4300','',NULL,NULL,NULL,NULL,NULL,0.946,230,0,NULL,NULL,NULL,NULL,NULL,NULL,NULL,'2012-08-15 03:22:07',NULL),(10039,2,47,'STP245S-20/Wd','',NULL,0.245,0.2174,1665,991,NULL,NULL,0,0,-0.4301,46.1,1.025,'2013-05-31','',1.650015,'2013-06-13 04:38:01',NULL),(10040,2,20,'MS140GG-02','140W Thin Film CIGS Module',NULL,0.14,0.1257,1611,665,NULL,NULL,0,NULL,-0.47,45,1.01785,'2013-05-31','',1.071315,'2013-06-13 04:38:01',NULL),(10041,2,20,'MS140GG','140W Thin Film CIGS Module',NULL,0.14,0.1259,1611,665,NULL,NULL,0,NULL,-0.463,45,1.01785,'2013-05-31','',1.071315,'2013-06-13 04:38:01',NULL),(10042,1,26,'PVI-10.0-I-OUTD-S-US-208-NG','10 kW (208Vac) Inverter',NULL,NULL,NULL,NULL,NULL,0.96,208,NULL,NULL,NULL,NULL,NULL,NULL,NULL,NULL,'2012-08-15 03:22:07',NULL),(10043,1,25,'PVI-2000-AU','2 kW Transformerless Inverter',NULL,NULL,NULL,NULL,NULL,0.944,230,NULL,NULL,NULL,NULL,NULL,NULL,NULL,NULL,'2012-08-15 03:22:07',NULL),(10044,1,25,'PVI-2000-OUTD-AU','2 kW Transformerless',NULL,NULL,NULL,NULL,NULL,0.944,230,NULL,NULL,NULL,NULL,NULL,NULL,NULL,NULL,'2012-08-15 03:22:07',NULL),(10045,1,25,'PVI-3.6-OUTD-AU','3.6 kW Transformerless',NULL,NULL,NULL,NULL,NULL,0.96,230,NULL,NULL,NULL,NULL,NULL,NULL,NULL,NULL,'2012-08-15 03:22:07',NULL),(10046,1,25,'PVI-3600-AU','3.6 kW Transformerless Inverter',NULL,NULL,NULL,NULL,NULL,0.95,230,NULL,NULL,NULL,NULL,NULL,NULL,NULL,NULL,'2012-08-15 03:22:07',NULL),(10047,2,49,'UNI190M','190W 72 cell Monocrystalline Silicon Module',NULL,0.19,0.19,1580,808,NULL,NULL,0,NULL,-0.48,48,1,'2013-05-31','Model not included in the database. Using 0 as a default value',1.27664,'2013-06-13 04:38:01',NULL),(10048,2,21,'MTPVp-240-MSB','240W Polycrystalline Module, Black Backsheet, Black Frame',NULL,0.24,0.2126,1650,992,NULL,NULL,NULL,NULL,-0.461,48.7,1.01,'2013-05-31','',1.637,'2013-06-13 04:38:01',NULL),(10049,2,21,'MTPVp-240-MSD','240W Polycrystalline Module, White Backsheet, Black Frame',NULL,0.24,0.2146,1650,992,NULL,NULL,NULL,NULL,-0.441,47.9,1.01,'2013-05-31','',1.637,'2013-06-13 04:38:01',NULL),(10050,2,21,'MTPVp-245-MSD','245W Polycrystalline Module, White Backsheet, Black Frame',NULL,0.245,0.2192,1650,992,NULL,NULL,NULL,NULL,-0.441,47.9,1.01,'2013-05-31','',1.637,'2013-06-13 04:38:01',NULL),(10051,2,47,'STP245S-20/Wdb','245 Monocrystaline Module',NULL,0.245,0.2216,1640,992,NULL,NULL,NULL,NULL,-0.4301,46.1,1.025,'2013-05-31','',1.627,'2013-06-13 04:38:01',NULL),(10052,2,47,'STP250S-20/Wdb','250 Monocrystaline Module',NULL,0.25,0.2263,1640,992,NULL,NULL,NULL,NULL,-0.4301,46.1,1.025,'2013-05-31','',1.627,'2013-06-13 04:38:01',NULL),(10053,2,30,'REC240PE-US (BLK)','240W Polycrystalline Module',NULL,0.24,0.2134,1665,991,NULL,NULL,NULL,NULL,-0.457,47.9,1.0104,'2013-05-31','',1.65,'2013-06-13 04:38:01',NULL),(10055,1,10,'GROWATT 1500-US (240V)','1650W (240Vac) Utility Interactive Inverter',1650,NULL,NULL,NULL,NULL,0.96,240,NULL,NULL,NULL,NULL,NULL,NULL,NULL,NULL,'2014-09-03 04:06:56',1),(10056,1,10,'GROWATT 2000-US (240V)','2000W (240Vac) Utility Interactive Inverter',2000,NULL,NULL,NULL,NULL,0.955,240,NULL,NULL,NULL,NULL,NULL,NULL,NULL,NULL,'2012-09-06 23:19:14',NULL),(10057,1,36,'Sunny Boy 240-US','240W, 240Vac Utility Interactive  Inverter',240,NULL,NULL,NULL,NULL,0.95,240,NULL,NULL,NULL,NULL,NULL,NULL,NULL,NULL,'2012-08-15 03:22:07',NULL),(10058,2,8,'ET-P660245BB','245W Polycrystalline Module, Black Backsheet, Black Frame',NULL,0.245,0.2197,1640,992,NULL,NULL,NULL,NULL,-0.459,46.6,1.0102,'2013-05-31','Used median pmax from ET-P660245BBG',1.63,'2013-06-13 04:38:01',NULL),(10059,2,30,'REC245PE-US (BLK)','245W Polycrystalline Module ',NULL,0.245,0.2227,1665,991,NULL,NULL,NULL,NULL,-0.46,47.9,1.0104,'2013-05-31','',1.65,'2013-06-13 04:38:01',NULL),(10060,2,21,'IM60B3-245-T10B50','245W Polycrystalline Module, Black Backsheet, Black Frame',NULL,0.245,0.2171,1650,992,NULL,NULL,NULL,NULL,-0.483,47.4,1.0102,'2013-05-31','',1.637,'2013-06-13 04:38:01',NULL),(10061,2,12,'HiS-M235MG(BK)','235W Polycrystalline Module',NULL,0.235,0.2116,1645,983,NULL,NULL,NULL,NULL,-0.5201,43,1.015,'2013-05-31','',1.617,'2013-06-13 04:38:01',NULL),(10062,1,19,'Soladin 600','600W (250V) inverter',600,NULL,NULL,NULL,NULL,0.91,230,NULL,NULL,NULL,NULL,NULL,NULL,NULL,NULL,'2012-09-14 11:36:39',NULL),(10063,2,47,'STP250S-20/Wd','250 Monocrystaline Module',NULL,0.25,0.2263,1640,992,NULL,NULL,NULL,NULL,-0.4301,46.1,1.025,'2013-05-31','',1.627,'2013-06-13 04:38:01',NULL),(10064,2,13,'JAM6(BK)-60-250/SI','250W All black Monocrystalline Silicon Module',NULL,0.25,0.2221,1650,991,NULL,NULL,NULL,NULL,-0.4645,48,1.01,'2013-05-31','',1.635,'2013-06-13 04:38:01',NULL),(10065,1,35,'SB3000TL','3000W(230) Transformerless Inverter',3000,NULL,NULL,NULL,NULL,0.963,230,NULL,NULL,NULL,NULL,NULL,NULL,NULL,NULL,'2012-09-14 11:36:39',NULL),(10066,1,35,'SB4000TL','4000W(230) Transformerless Inverter',4000,NULL,NULL,NULL,NULL,0.964,230,NULL,NULL,NULL,NULL,NULL,NULL,NULL,NULL,'2012-09-14 11:36:39',NULL),(10067,1,35,'SB5000TL','4600W(230) Transformerless Inverter',4600,NULL,NULL,NULL,NULL,0.965,230,NULL,NULL,NULL,NULL,NULL,NULL,NULL,NULL,'2012-09-14 11:36:39',NULL),(10068,1,19,'ES4.6TL','4600W(230) Transformerless Inverter',4600,NULL,NULL,NULL,NULL,0.97,230,NULL,NULL,NULL,NULL,NULL,NULL,NULL,NULL,'2012-09-14 11:36:39',NULL),(10069,1,19,'ES5.0TL','5000W (230) Transformerless Inverter',5000,NULL,NULL,NULL,NULL,0.97,230,NULL,NULL,NULL,NULL,NULL,NULL,NULL,NULL,'2012-09-14 11:36:39',NULL),(10070,1,35,'STP8000TL','8000W(230)',8000,NULL,NULL,NULL,NULL,0.975,230,NULL,NULL,NULL,NULL,NULL,NULL,NULL,NULL,'2012-09-14 11:36:39',NULL),(10071,1,38,'SE3000A-US','3 kW 240Vac, Utility-Interactive Inverter',3000,NULL,NULL,NULL,NULL,0.975,240,NULL,NULL,NULL,NULL,NULL,NULL,NULL,NULL,'2012-10-04 21:13:06',NULL),(10072,1,38,'SE3800A-US','3.8 kW 240Vac, Utility-Interactive Inverter',3800,NULL,NULL,NULL,NULL,0.975,240,NULL,NULL,NULL,NULL,NULL,NULL,NULL,NULL,'2012-10-04 21:13:06',NULL),(10073,1,38,'SE5000A-US','5 kW 240Vac, Utility-Interactive Inverter',5000,NULL,NULL,NULL,NULL,0.975,240,NULL,NULL,NULL,NULL,NULL,NULL,NULL,NULL,'2012-10-04 21:13:06',NULL),(10074,1,38,'SE6000A-US','6 kW 240Vac, Utility-Interactive Inverter',6000,NULL,NULL,NULL,NULL,0.975,240,NULL,NULL,NULL,NULL,NULL,NULL,NULL,NULL,'2012-10-04 21:13:06',NULL),(10075,2,13,'JAP6-60-245/3BB','245W polycrystaline solar photovoltaic module',NULL,0.245,0.2183,1650,991,NULL,NULL,NULL,NULL,-0.4531,47.9,1.0102,'2013-05-31','',1.635,'2013-06-13 04:38:01',NULL),(10076,2,21,'IM60B3-245-A10B50','245W Polycrystalline Module, Black Backsheet, Black Frame',NULL,0.245,0.2171,1650,992,NULL,NULL,NULL,NULL,-0.483,47.4,1.0102,'2013-05-31','',1.637,'2013-06-13 04:38:01',NULL),(10077,1,26,'UNO-2.0-I-OUTD-S-US (240 V)','2 kW 240Vac, Utility-Interactive Inverter',2000,NULL,NULL,NULL,NULL,0.955,240,NULL,NULL,NULL,NULL,NULL,NULL,NULL,NULL,'2012-11-06 19:30:23',NULL),(10078,2,16,'KD245GH-2FB','245W High Efficiency Multi-Crystallin Photovoltaic Module',NULL,0.245,0.2191,1662,990,NULL,NULL,NULL,NULL,-0.46,45,1.01,'2013-05-31','KD245GH-2Fb was not in the db, used median pmax from KD245GH-2PB module',1.64538,'2013-06-13 04:38:01',NULL),(10079,2,21,'IM60B3-245-A10B45','245W Polycrystalline Module, Black Backsheet, Black Frame',NULL,0.245,0.2171,1650,992,NULL,NULL,NULL,NULL,-0.483,47.4,1.0102,'2013-05-31','',1.637,'2013-06-13 04:38:01',NULL),(10080,2,43,'OPT260-60-4-1B0','260W Monocrystalline Module',NULL,0.26,0.2328,1652,982,NULL,NULL,NULL,NULL,-0.45,47.7,1.0096,'2013-05-31','',1.623,'2013-06-21 21:19:01',NULL),(10081,1,35,'STP6000TL','6000W(230) Inverter',6000,NULL,NULL,NULL,NULL,0.974,230,NULL,NULL,NULL,NULL,NULL,NULL,NULL,NULL,'2013-01-24 20:39:49',NULL),(10082,2,13,'JAM6(BK) 60-255/SI','255W All black Monocrystalline Silicon Module',NULL,0.255,0.2295,1650,991,NULL,NULL,NULL,NULL,-0.43,45,1.0098,'2013-05-31','',1.635,'2013-06-13 04:38:01',NULL),(10083,2,13,'JAM6 60-265/SI','265W Monocrystalline Silicon Module',NULL,0.265,0.2385,1650,991,NULL,NULL,NULL,NULL,-0.43,45,1,'2013-05-31','',1.635,'2013-06-13 04:38:01',NULL),(10084,2,13,'JAP6 60-250/3BB','250W Polycrystalline Silicon Module',NULL,0.25,0.225,1650,991,NULL,NULL,NULL,NULL,-0.45,47,1.01,'2013-05-31','',1.635,'2013-06-13 04:38:01',NULL),(10085,2,21,'IM60D3-240-A10B50','240W Polycrystalline Module, White Backsheet, Black Frame',NULL,0.24,0.2113,1650,992,NULL,NULL,NULL,NULL,-0.457,49.8,1.0102,'2013-05-31','',1.637,'2013-06-13 04:38:01',NULL),(10086,2,21,'IM60B3-240-T10B50','240W Polycrystalline Module',NULL,0.24,0.2126,1650,992,NULL,NULL,NULL,NULL,-0.483,47.4,1.01,'2013-05-31','',1.637,'2013-06-13 04:38:01',NULL),(10087,2,21,'IM60B2-240-T10B50','240W Polycrystalline Module',NULL,0.24,0.2126,1650,992,NULL,NULL,NULL,NULL,-0.483,47.4,1.01,'2013-05-31','',1.637,'2013-06-13 04:38:01',NULL),(10088,2,3,'CS6P-235MX','235W Monocrystalline Module, Zep Frame',NULL,0.235,0.2075,1638,982,NULL,NULL,NULL,NULL,-0.48,48.3,1.01065,'2013-05-31','',1.549,'2013-06-13 04:38:01',NULL),(10089,2,28,'Q-Pro-G2 230','230W Polycrystalline Module',NULL,0.23,0.2032,1670,1000,NULL,NULL,NULL,NULL,-0.52,44.3,NULL,NULL,NULL,1.67,'2013-03-15 19:52:13',NULL),(10090,2,28,'Q-Pro-G2 235','235W Polycrystalline Module',NULL,0.235,0.2098,1670,1000,NULL,NULL,NULL,NULL,-0.52,44.3,NULL,NULL,NULL,1.67,'2013-03-15 19:52:13',NULL),(10091,2,28,'Q-Pro-G2 250','250W Polycrystalline Module',NULL,0.25,0.2236,1670,1000,NULL,NULL,NULL,NULL,-0.52,44.3,NULL,NULL,NULL,1.67,'2013-03-15 19:52:13',NULL),(10092,2,28,'Q-Peak 255','255W Monocrystalline Module',NULL,0.255,0.2266,1670,1000,NULL,NULL,NULL,NULL,-0.47,47.7,NULL,NULL,NULL,1.67,'2013-03-15 19:52:13',NULL),(10093,2,3,'CS6P-240P','240W Polycrystalline Module',NULL,0.24,0.2183,1638,982,NULL,NULL,NULL,NULL,-0.4538,44.1,NULL,NULL,NULL,1.549,'2013-03-15 19:52:13',NULL),(10094,1,26,'PVI-3.0-TL-OUTD (230 V)','3kW Transformerless Inverter',3300,NULL,NULL,NULL,NULL,0.96,230,NULL,NULL,NULL,NULL,NULL,NULL,NULL,NULL,'2013-03-15 19:52:13',NULL),(10095,1,26,'PVI-3.6-TL-OUTD (230 V)','3.6kW Transformerless Inverter',4000,NULL,NULL,NULL,NULL,0.96,230,NULL,NULL,NULL,NULL,NULL,NULL,NULL,NULL,'2013-03-15 19:52:13',NULL),(10096,1,26,'PVI-4.2-TL-OUTD (230 V)','4.2kW Transformerless Inverter',4600,NULL,NULL,NULL,NULL,0.96,230,NULL,NULL,NULL,NULL,NULL,NULL,NULL,NULL,'2013-03-15 19:52:13',NULL),(10097,1,26,'PVI-5000-TL-OUTD (230 V)','5kW Transformerless Inverter',5000,NULL,NULL,NULL,NULL,0.964,230,NULL,NULL,NULL,NULL,NULL,NULL,NULL,NULL,'2013-03-15 19:52:13',NULL),(10098,1,26,'PVI-6000-TL-OUTD (230 V)','6kW Transformerless Inverter',6000,NULL,NULL,NULL,NULL,0.964,230,NULL,NULL,NULL,NULL,NULL,NULL,NULL,NULL,'2013-03-15 19:52:13',NULL),(10099,1,26,'PVI-10.0-TL-OUTD (400 V)','10kW Transformerless Inverter',11000,NULL,NULL,NULL,NULL,0.971,400,1,NULL,NULL,NULL,NULL,NULL,NULL,NULL,'2013-03-15 19:52:13',NULL),(10100,1,26,'PVI-12.5-TL-OUTD (400 V)','12.5kW Transformerless Inverter',13800,NULL,NULL,NULL,NULL,0.972,400,1,NULL,NULL,NULL,NULL,NULL,NULL,NULL,'2013-03-15 19:52:13',NULL),(10101,1,26,'TRIO-20.0-TL-OUTD (400 V)','20kW Transformerless Inverter',22000,NULL,NULL,NULL,NULL,0.98,400,1,NULL,NULL,NULL,NULL,NULL,NULL,NULL,'2013-03-15 19:52:13',NULL),(10102,1,26,'TRIO-27.6-TL-OUTD (400 V)','27.6kW Transformerless Inverter',30000,NULL,NULL,NULL,NULL,0.98,400,1,NULL,NULL,NULL,NULL,NULL,NULL,NULL,'2013-03-15 19:52:13',NULL),(10103,1,26,'UNO-2.0-I-OUTD (230 V)','2kW High Frequency Inverter',2200,NULL,NULL,NULL,NULL,0.951,230,NULL,NULL,NULL,NULL,NULL,NULL,NULL,NULL,'2013-03-15 19:52:13',NULL),(10104,1,26,'UNO-2.5-I-OUTD (230 V)','2.5kW High Frequency Inverter',2750,NULL,NULL,NULL,NULL,0.954,230,NULL,NULL,NULL,NULL,NULL,NULL,NULL,NULL,'2013-03-15 19:52:13',NULL),(10105,1,5,'Solivia 2.5 AP G3 TR (230 V)','2.5kW Inverter',2500,NULL,NULL,NULL,NULL,0.948,230,NULL,NULL,NULL,NULL,NULL,NULL,NULL,NULL,'2013-03-15 19:52:13',NULL),(10106,1,5,'Solivia 3.0 AP G3 TR (230 V)','3kW Inverter',3000,NULL,NULL,NULL,NULL,0.948,230,NULL,NULL,NULL,NULL,NULL,NULL,NULL,NULL,'2013-03-15 19:52:13',NULL),(10107,1,5,'Solivia 3.3 AP G3 TR (230 V)','3.3kW Inverter',3300,NULL,NULL,NULL,NULL,0.948,230,NULL,NULL,NULL,NULL,NULL,NULL,NULL,NULL,'2013-03-15 19:52:13',NULL),(10108,1,5,'Solivia 5.0 AP G3 TR (230 V)','5kW Inverter',5000,NULL,NULL,NULL,NULL,0.946,230,NULL,NULL,NULL,NULL,NULL,NULL,NULL,NULL,'2013-03-15 19:52:13',NULL),(10109,1,5,'Solivia 15 EU G4 TL (400 V)','15kW Transformerless Inverter',15000,NULL,NULL,NULL,NULL,0.978,400,1,NULL,NULL,NULL,NULL,NULL,NULL,NULL,'2013-03-15 19:52:13',NULL),(10110,1,5,'Solivia 20 EU G4 TL (400 V)','20kW Transformerless Inverter',20000,NULL,NULL,NULL,NULL,0.978,400,1,NULL,NULL,NULL,NULL,NULL,NULL,NULL,'2013-03-15 19:52:13',NULL),(10111,2,48,'TSM-250 PC05A','250W Polycrystalline Module',NULL,0.25,0.2291,1650,941,NULL,NULL,NULL,NULL,-0.43,43.6,NULL,NULL,NULL,1.618,'2013-04-15 23:16:01',NULL),(10112,2,21,'IM60B3-235-T10B50','235W Polycrystalline Module',NULL,0.235,0.2061,1650,992,NULL,NULL,NULL,NULL,-0.491,48.6,1.01,'2013-05-31','',1.637,'2013-06-13 04:38:01',NULL),(10113,2,48,'TSM-235 PC05','235W Polycrystalline Module',NULL,0.235,0.2136,1650,941,NULL,NULL,NULL,NULL,-0.45,44.1,NULL,NULL,NULL,1.618,'2013-05-16 20:57:12',NULL),(10114,1,26,'PVI-8.0-TL-OUTD (400 V)','8kw Transformerless Inverter',8000,NULL,NULL,NULL,NULL,0.968,400,NULL,NULL,NULL,NULL,NULL,NULL,NULL,NULL,'2013-05-16 20:57:12',NULL),(10115,1,36,'SB3000TL-US-22 (240V)','3kW  AFCI compliant, transformerless inverter',3000,NULL,NULL,NULL,NULL,0.965,240,NULL,NULL,NULL,NULL,NULL,NULL,NULL,NULL,'2013-06-21 21:19:01',NULL),(10116,1,36,'SB4000TL-US-22 (240V)','4kW  AFCI compliant, transformerless inverter',4000,NULL,NULL,NULL,NULL,0.97,240,NULL,NULL,NULL,NULL,NULL,NULL,NULL,NULL,'2014-09-03 04:06:55',NULL),(10117,1,36,'SB5000TL-US-22 (240V)','5kW  AFCI compliant, transformerless inverter',5000,NULL,NULL,NULL,NULL,0.97,240,NULL,NULL,NULL,NULL,NULL,NULL,NULL,NULL,'2014-09-03 04:06:55',NULL),(10118,1,36,'SB7000US-12 (240V)','7kW AFCI compliant inverter',7000,NULL,NULL,NULL,NULL,0.96,240,NULL,NULL,NULL,NULL,NULL,NULL,NULL,NULL,'2013-06-21 21:19:01',NULL),(10119,1,36,'SB8000US-12 (240V)','8kW AFCI compliant inverter',7680,NULL,NULL,NULL,NULL,0.96,240,NULL,NULL,NULL,NULL,NULL,NULL,NULL,NULL,'2013-06-21 21:19:01',NULL),(10120,2,3,'CS6P-250P','250W polycrystalline module',NULL,0.25,0.2276,1638,982,NULL,NULL,NULL,NULL,-0.4538,44.1,NULL,NULL,NULL,1.549,'2013-06-21 21:19:01',NULL),(10121,1,26,'UNO-2.0-I-OUTD-S-US-A (240 V)','2kW AFCI compliant inverter',2000,NULL,NULL,NULL,NULL,0.955,240,NULL,NULL,NULL,NULL,NULL,NULL,NULL,NULL,'2013-06-21 21:19:01',NULL),(10123,1,26,'PVI-3.6-OUTD-S-US-A (240V)','3.6kW  AFCI compliant, transformerless inverter',3600,NULL,NULL,NULL,NULL,0.96,240,NULL,NULL,NULL,NULL,NULL,NULL,NULL,NULL,'2013-08-13 21:46:41',NULL),(10127,1,26,'PVI-3.8-OUTD-S-US-A (240V)','3.8kW  AFCI compliant, transformerless inverter',3800,NULL,NULL,NULL,NULL,0.96,240,NULL,NULL,NULL,NULL,NULL,NULL,NULL,NULL,'2013-07-29 21:19:49',NULL),(10128,1,32,'SR1KTLA1','1kW grid tied inverter',1000,NULL,NULL,NULL,NULL,0.95,230,NULL,NULL,NULL,NULL,NULL,NULL,NULL,NULL,'2013-07-29 21:19:49',NULL),(10129,1,32,'SR1K5TLA1','1.5kW grid tied inverter',1500,NULL,NULL,NULL,NULL,0.958,230,NULL,NULL,NULL,NULL,NULL,NULL,NULL,NULL,'2013-07-29 21:19:49',NULL),(10130,1,32,'SR2K2TLA1','2kW grid tied inverter',2000,NULL,NULL,NULL,NULL,0.962,230,NULL,NULL,NULL,NULL,NULL,NULL,NULL,NULL,'2013-07-29 21:19:49',NULL),(10131,1,32,'SR2K8TLA1','2.6kW grid tied inverter',2600,NULL,NULL,NULL,NULL,0.963,230,NULL,NULL,NULL,NULL,NULL,NULL,NULL,NULL,'2013-07-29 21:19:49',NULL),(10132,1,32,'SR3K3TLA1','3kW grid tied inverter',3000,NULL,NULL,NULL,NULL,0.965,230,NULL,NULL,NULL,NULL,NULL,NULL,NULL,NULL,'2013-07-29 21:19:49',NULL),(10133,1,32,'SR4K4TLA1','4kW grid tied inverter',4000,NULL,NULL,NULL,NULL,0.971,230,NULL,NULL,NULL,NULL,NULL,NULL,NULL,NULL,'2013-07-29 21:19:49',NULL),(10134,1,32,'SR5KTLA1','4.6kW grid tied inverter',4600,NULL,NULL,NULL,NULL,0.968,230,NULL,NULL,NULL,NULL,NULL,NULL,NULL,NULL,'2013-07-29 21:19:49',NULL),(10135,2,48,'TSM-195DA01A','195 watt 72 cell monocrystalline module',NULL,0.195,176,1581,809,NULL,NULL,NULL,NULL,-0.46,45.3,NULL,NULL,NULL,1.262,'2013-07-29 21:19:49',NULL),(10136,2,8,'ET-P660250BB','250W Polycrystalline Module, Black Backsheet, Black Frame',NULL,0.25,0.2243,1640,992,NULL,NULL,NULL,NULL,-0.458,46.5,1.01,'2013-08-13',NULL,1.611,'2013-08-13 16:36:10',NULL),(10137,2,11,'6T 260','260W Monocrystalline Module',NULL,0.26,0.2342,1680,990,NULL,NULL,NULL,NULL,-0.451,46.1,1.015,'2013-08-13',NULL,1.663,'2013-08-13 16:36:10',NULL),(10138,1,26,'PVI-3.0-OUTD-S-US-A (240V)','3kW  AFCI compliant, transformerless inverter',3000,NULL,NULL,NULL,NULL,0.96,240,NULL,NULL,NULL,NULL,NULL,'2013-08-14',NULL,NULL,'2013-08-14 03:40:48',NULL),(10139,1,26,'PVI-4.2-OUTD-S-US-A (240V)','4.2kW  AFCI compliant, transformerless inverter',4200,NULL,NULL,NULL,NULL,0.96,240,NULL,NULL,NULL,NULL,NULL,'2013-08-14',NULL,NULL,'2013-08-14 03:40:48',NULL),(10140,1,26,'PVI-5000-OUTD-US-A (240V)','5kW  AFCI compliant, transformerless inverter',5000,NULL,NULL,NULL,NULL,0.965,240,NULL,NULL,NULL,NULL,NULL,'2013-08-14',NULL,NULL,'2013-08-14 03:40:48',NULL),(10141,1,26,'PVI-6000-OUTD-US-A (240V)','6kW  AFCI compliant, transformerless inverter',6000,NULL,NULL,NULL,NULL,0.965,240,NULL,NULL,NULL,NULL,NULL,'2013-08-14',NULL,NULL,'2013-08-14 03:40:48',NULL),(10142,1,36,'STP12000TL-US-10 (480V)','12kW, 480Vac 3-phase, Sunny Tripower Transformerless Utility-Interactive Inverter',12000,NULL,NULL,NULL,NULL,0.975,480,NULL,NULL,NULL,NULL,NULL,'2013-08-26',NULL,NULL,'2013-08-26 22:28:52',NULL),(10143,1,36,'STP20000TL-US-10 (480V)','20kW, 480Vac 3-phase, Sunny Tripower Transformerless Utility-Interactive Inverter',20000,NULL,NULL,NULL,NULL,0.975,480,NULL,NULL,NULL,NULL,NULL,'2013-08-26',NULL,NULL,'2013-08-26 22:28:52',NULL),(10144,1,36,'STP24000TL-US-10 (480V)','24kW, 480Vac 3-phase, Sunny Tripower Transformerless Utility-Interactive Inverter',24000,NULL,NULL,NULL,NULL,0.98,480,NULL,NULL,NULL,NULL,NULL,'2013-08-26',NULL,NULL,'2013-08-26 22:28:52',NULL),(10145,1,36,'SB8000TL-US-12','8kW, 208Vac Sunny Boy Transformerless U-I Inverter w/ arc detector',8000,NULL,NULL,NULL,NULL,0.98,208,NULL,NULL,NULL,NULL,NULL,'2013-08-26',NULL,NULL,'2013-08-26 22:28:52',NULL),(10146,1,36,'SB9000TL-US-12','9kW, 208Vac Sunny Boy Transformerless U-I Inverter w/ arc detector',9000,NULL,NULL,NULL,NULL,0.98,208,NULL,NULL,NULL,NULL,NULL,'2013-08-26',NULL,NULL,'2013-08-26 22:28:52',NULL),(10147,1,36,'SB10000TL-US-12','10kW, 208Vac Sunny Boy Transformerless U-I Inverter w/ arc detector',10000,NULL,NULL,NULL,NULL,0.98,208,NULL,NULL,NULL,NULL,NULL,'2013-08-26',NULL,NULL,'2014-09-03 04:06:55',NULL),(10148,2,11,'6T 255','255W Monocrystalline Module',NULL,0.255,0.2296,1680,990,NULL,NULL,NULL,NULL,-0.451,46.1,1.015,'2013-08-26',NULL,1.663,'2013-08-26 22:28:52',NULL),(10149,2,21,'IM60B3-250-A10B50','250W Polycrystalline Module',NULL,0.25,0.2272,1650,992,NULL,NULL,NULL,NULL,-0.444,44.6,1.015,'2013-09-18',NULL,1.637,'2013-09-18 19:28:04',NULL),(10151,2,21,'IM60D3-255-A10B50','255W Polycrystalline Module',NULL,0.255,0.2331,1650,992,NULL,NULL,NULL,NULL,-0.451,43.3,1.015,'2013-09-20',NULL,1.637,'2013-09-20 17:47:23',NULL),(10152,1,36,'SB4000US-12 (240V)','4kW, 240Vac Sunny Boy U-I Inverter w/ arc detector with display',4000,NULL,NULL,NULL,NULL,0.96,240,NULL,NULL,NULL,NULL,NULL,NULL,NULL,NULL,'2013-10-02 04:19:52',NULL),(10153,2,12,'HiS-S260MG(BK)','260W Monocrystalline Module',NULL,0.26,0.2357,1645,983,NULL,NULL,NULL,NULL,-0.4421,45.5,1.015,'2013-10-03',NULL,1.617,'2013-10-03 21:19:04',NULL),(10154,2,3,'CS6P-235P','235W Polycrystalline Module',NULL,0.235,0.235,1638,982,NULL,NULL,NULL,NULL,-0.43,45,1,NULL,NULL,1.609,'2014-01-30 21:30:43',NULL),(10155,2,9,'GSP-P60-250','250W Polycrystalline Module',NULL,0.25,0.25,1637,987,NULL,NULL,NULL,NULL,-0.45,45,1,NULL,NULL,1.616,'2014-01-30 21:30:43',NULL),(10156,1,15,'KSG-10K','1000W Inverter,Three Phase, 3 MPPT',10000,NULL,NULL,NULL,NULL,0.975,400,NULL,NULL,NULL,NULL,NULL,NULL,NULL,NULL,'2014-01-30 21:30:43',NULL),(10157,1,15,'KSG-2000SM','2000W Inverter, Single Phase, Single MPPT',2000,NULL,NULL,NULL,NULL,0.95,230,NULL,NULL,NULL,NULL,NULL,NULL,NULL,NULL,'2014-01-30 21:30:43',NULL),(10158,1,15,'KSG-3000SM','3000W Inverter, Single Phase, Single MPPT',3000,NULL,NULL,NULL,NULL,0.965,230,NULL,NULL,NULL,NULL,NULL,NULL,NULL,NULL,'2014-01-30 21:30:43',NULL),(10159,1,15,'KSG-4200DM','4200W Inverter, Single Phase, Dual MPPT',4200,NULL,NULL,NULL,NULL,0.965,230,NULL,NULL,NULL,NULL,NULL,NULL,NULL,NULL,'2014-01-30 21:30:43',NULL),(10160,1,15,'KSG-5000DM','5000W Inverter, Single Phase, Dual MPPT',5000,NULL,NULL,NULL,NULL,0.965,230,NULL,NULL,NULL,NULL,NULL,NULL,NULL,NULL,'2014-01-30 21:30:43',NULL),(10161,1,25,'PVI-10.0-OUTD','10000W Inverter, Three Phase, Dual MPPT',10000,NULL,NULL,NULL,NULL,0.971,400,NULL,NULL,NULL,NULL,NULL,NULL,NULL,NULL,'2014-01-30 21:30:43',NULL),(10162,1,25,'PVI-20.0-TL-OUTD','20000W Inverter, Three Phase, Dual MPPT',20000,NULL,NULL,NULL,NULL,0.98,400,NULL,NULL,NULL,NULL,NULL,NULL,NULL,NULL,'2014-01-30 21:30:43',NULL),(10163,1,25,'PVI-2000-OUTD','2000W Inverter, Single Phase, Single MPPT',2000,NULL,NULL,NULL,NULL,0.944,230,NULL,NULL,NULL,NULL,NULL,NULL,NULL,NULL,'2014-01-30 21:30:43',NULL),(10164,1,25,'PVI-3.0-OUTD','3000W Inverter, Single Phase, Dual MPPT',3000,NULL,NULL,NULL,NULL,0.96,230,NULL,NULL,NULL,NULL,NULL,NULL,NULL,NULL,'2014-01-30 21:30:43',NULL),(10165,1,25,'PVI-3.6-OUTD','3600W Inverter, Single Phase, Dual MPPT',3600,NULL,NULL,NULL,NULL,0.96,230,NULL,NULL,NULL,NULL,NULL,NULL,NULL,NULL,'2014-01-30 21:30:43',NULL),(10166,1,25,'PVI-4.2-OUTD','4200W Inverter, Single Phase, Dual MPPT',4200,NULL,NULL,NULL,NULL,0.96,230,NULL,NULL,NULL,NULL,NULL,NULL,NULL,NULL,'2014-01-30 21:30:43',NULL),(10167,1,25,'PVI-5000-OUTD','5000W Inverter, Single Phase, Dual MPPT',5000,NULL,NULL,NULL,NULL,0.964,230,NULL,NULL,NULL,NULL,NULL,NULL,NULL,NULL,'2014-01-30 21:30:43',NULL),(10168,1,25,'PVI-6000-OUTD','6000W Inverter, Single Phase, Dual MPPT',6000,NULL,NULL,NULL,NULL,0.964,230,NULL,NULL,NULL,NULL,NULL,NULL,NULL,NULL,'2014-01-30 21:30:43',NULL),(10169,1,32,'SR1K6TL','1600W Inverter, Single Phase, Single MPPT',1600,NULL,NULL,NULL,NULL,0.96,230,NULL,NULL,NULL,NULL,NULL,NULL,NULL,NULL,'2014-01-30 21:30:43',NULL),(10170,1,32,'SR2K2TL','2300W Inverter, Single Phase, Single MPPT',2300,NULL,NULL,NULL,NULL,0.962,230,NULL,NULL,NULL,NULL,NULL,NULL,NULL,NULL,'2014-01-30 21:30:43',NULL),(10171,1,32,'SR2K8TL','3000W Inverter, Single Phase, Single MPPT',3000,NULL,NULL,NULL,NULL,0.963,230,NULL,NULL,NULL,NULL,NULL,NULL,NULL,NULL,'2014-01-30 21:30:43',NULL),(10172,1,32,'SR3K3TL','3300W Inverter, Single Phase, Single MPPT',3300,NULL,NULL,NULL,NULL,0.965,230,NULL,NULL,NULL,NULL,NULL,NULL,NULL,NULL,'2014-01-30 21:30:43',NULL),(10173,1,32,'3400TL-D','3400W Inverter, Single Phase, Dual MPPT',3300,NULL,NULL,NULL,NULL,0.965,230,NULL,NULL,NULL,NULL,NULL,NULL,NULL,NULL,'2014-01-30 21:30:43',NULL),(10174,1,32,'SR4K4TL','4400W Inverter, Single Phase, Single MPPT',4400,NULL,NULL,NULL,NULL,0.971,230,NULL,NULL,NULL,NULL,NULL,NULL,NULL,NULL,'2014-01-30 21:30:43',NULL),(10175,1,32,'4500TL-D','4500W Inverter, Single Phase, Dual MPPT',4500,NULL,NULL,NULL,NULL,0.971,230,NULL,NULL,NULL,NULL,NULL,NULL,NULL,NULL,'2014-01-30 21:30:43',NULL),(10176,1,32,'SR5KTL','5200W Inverter, Single Phase, Single MPPT',5200,NULL,NULL,NULL,NULL,0.968,230,NULL,NULL,NULL,NULL,NULL,NULL,NULL,NULL,'2014-01-30 21:30:43',NULL),(10177,1,32,'5200TL-D','5200W Inverter, Single Phase, Dual MPPT',5200,NULL,NULL,NULL,NULL,0.971,230,NULL,NULL,NULL,NULL,NULL,NULL,NULL,NULL,'2014-01-30 21:30:43',NULL),(10178,1,35,'STP10000TL','10000W Inverter, Three Phase, Dual MPPT',10000,NULL,NULL,NULL,NULL,0.977,400,NULL,NULL,NULL,NULL,NULL,NULL,NULL,NULL,'2014-01-30 21:30:43',NULL),(10179,1,35,'STP5000TL','5000W Inverter, Three Phase, Dual MPPT',5000,NULL,NULL,NULL,NULL,0.971,400,NULL,NULL,NULL,NULL,NULL,NULL,NULL,NULL,'2014-01-30 21:30:43',NULL),(10180,2,12,'HiS-M250MG(BK)','250W Polycrystalline Module',NULL,0.25,0.2223,1645,983,NULL,NULL,NULL,NULL,-0.4988,46.3,1.015,'2014-03-19',NULL,1.617,'2014-03-19 22:59:25',NULL),(10181,1,36,'SB3800TL-US-22 (240V)','3800 watt transformerless inverter',3800,NULL,NULL,NULL,NULL,0.97,240,NULL,NULL,NULL,NULL,NULL,'2014-04-04',NULL,NULL,'2014-09-03 04:06:55',NULL),(10182,2,12,'HiS-M245MG(BK)','245 watt Polycrystalline module',NULL,0.245,0.2177,1645,983,NULL,NULL,NULL,NULL,-0.4988,46.3,1.015,'2014-04-18',NULL,1.617,'2014-04-18 18:22:16',NULL),(10183,2,48,'TSM-245PA05.05','245 watt Polycrystalline module',NULL,0.245,0.2228,1650,992,NULL,NULL,NULL,NULL,-0.43224,45,1.015,'2014-04-18',NULL,1.618,'2014-04-18 18:23:59',NULL),(10184,2,48,'TSM-250PA05.05','250 watt Polycrystalline module',NULL,0.25,0.2274,1650,992,NULL,NULL,NULL,NULL,-0.43224,45,1.015,'2014-04-18',NULL,1.618,'2014-04-18 18:23:59',NULL),(10185,2,39,'SJ-250-P6P','250W Polycrystalline Module, Black Frame',NULL,0.25,0.25,1650,991,NULL,NULL,NULL,NULL,-0.43,45,1.015,'2014-04-18',NULL,1.635,'2014-04-18 18:28:09',NULL),(10186,1,36,'SB6000TL-US-22 (240V)','6000 watt transformerless inverter',6000,NULL,NULL,NULL,NULL,0.97,240,NULL,NULL,NULL,NULL,NULL,'2014-05-13',NULL,NULL,'2014-09-03 04:06:55',NULL),(10187,1,50,'PVI-3.0-OUTD-S-US-A (240V)','3kw AFCI compliant, transformerless inverter',3000,NULL,NULL,NULL,NULL,0.96,240,NULL,NULL,NULL,NULL,NULL,'2014-06-13',NULL,NULL,'2014-06-13 18:46:01',NULL),(10188,1,50,'PVI-3.8-OUTD-S-US-A (240V)','3.8kw AFCI compliant, transformerless inverter',3800,NULL,NULL,NULL,NULL,0.96,240,NULL,NULL,NULL,NULL,NULL,'2014-06-13',NULL,NULL,'2014-06-13 18:46:01',NULL),(10189,1,50,'PVI-4.2-OUTD-S-US-A (240V)','4.2kw AFCI compliant, transformerless inverter',4200,NULL,NULL,NULL,NULL,0.96,240,NULL,NULL,NULL,NULL,NULL,'2014-06-13',NULL,NULL,'2014-06-13 18:46:01',NULL),(10190,1,50,'PVI-5000-OUTD-US-A (240V)','5kw AFCI compliant, transformerless inverter',5000,NULL,NULL,NULL,NULL,0.965,240,NULL,NULL,NULL,NULL,NULL,'2014-06-13',NULL,NULL,'2014-06-13 18:46:01',NULL),(10191,1,50,'PVI-6000-OUTD-US-A (240V)','6kw AFCI compliant, transformerless inverter',6000,NULL,NULL,NULL,NULL,0.965,240,NULL,NULL,NULL,NULL,NULL,'2014-06-13',NULL,NULL,'2014-06-13 18:46:01',NULL),(10192,1,51,'Eversol-TL1500','1.5kW, 240Vac single phase string inverter,  single MPPT',1500,NULL,NULL,NULL,NULL,0.965,240,NULL,NULL,NULL,NULL,NULL,'2014-06-13',NULL,NULL,'2014-06-13 18:47:33',NULL),(10193,1,51,'Eversol-TL2000','2kW, 240Vac single phase string inverter,  single MPPT',2000,NULL,NULL,NULL,NULL,0.965,240,NULL,NULL,NULL,NULL,NULL,'2014-06-13',NULL,NULL,'2014-06-13 18:47:33',NULL),(10194,1,51,'Eversol-TL3000','3kW, 240Vac single phase string inverter,  single MPPT',3000,NULL,NULL,NULL,NULL,0.965,240,NULL,NULL,NULL,NULL,NULL,'2014-06-13',NULL,NULL,'2014-06-13 18:47:33',NULL),(10195,1,51,'Evershine-TL4300','4kW, 240Vac single phase string inverter,  dual MPPT',4000,NULL,NULL,NULL,NULL,0.965,240,NULL,NULL,NULL,NULL,NULL,'2014-06-13',NULL,NULL,'2014-06-13 18:47:33',NULL),(10196,1,51,'Evershine-TL5000','5kW, 240Vac single phase string inverter,  dual MPPT',5000,NULL,NULL,NULL,NULL,0.965,240,NULL,NULL,NULL,NULL,NULL,'2014-06-13',NULL,NULL,'2014-06-13 18:47:33',NULL),(10197,1,36,'SB11000TL-US-12 (240V)','11kW, 240Vac Sunny Boy Transformerless U-I Inverter w/ arc detector',11000,NULL,NULL,NULL,NULL,0.98,240,NULL,NULL,NULL,NULL,NULL,'2014-06-19',NULL,NULL,'2014-06-19 15:39:30',NULL),(10198,1,36,'SB3800US-12 (240V)','3.8kW, 240Vac Sunny Boy U-I Inverter w/ arc detector with display',3800,NULL,NULL,NULL,NULL,0.96,240,NULL,NULL,NULL,NULL,NULL,'2014-07-07',NULL,NULL,'2014-07-07 21:11:21',NULL),(10199,1,52,'SOLIVIA 3.0 NA G4 TL (240V)','3000W 240Vac Grid-Tied Solar PV Inverter',3000,NULL,NULL,NULL,NULL,0.975,240,NULL,NULL,NULL,NULL,NULL,'2014-07-07',NULL,NULL,'2014-07-07 21:10:44',NULL),(10200,1,52,'SOLIVIA 3.8 NA G4 TL (240V)','3800W 240Vac Grid-Tied Solar PV Inverter',3810,NULL,NULL,NULL,NULL,0.975,240,NULL,NULL,NULL,NULL,NULL,'2014-07-07',NULL,NULL,'2014-07-07 21:10:44',NULL),(10201,1,52,'SOLIVIA 5.2 NA G4 TL (240V)','5200W 240Vac Grid-Tied Solar PV Inverter',5200,NULL,NULL,NULL,NULL,0.975,240,NULL,NULL,NULL,NULL,NULL,'2014-07-07',NULL,NULL,'2014-07-07 21:10:44',NULL),(10202,1,52,'SOLIVIA 6.6 NA G4 TL (240V)','6600W 240Vac Grid-Tied Solar PV Inverter',6600,NULL,NULL,NULL,NULL,0.975,240,NULL,NULL,NULL,NULL,NULL,'2014-07-07',NULL,NULL,'2014-07-07 21:10:44',NULL),(10203,1,52,'SOLIVIA 7.6 NA G4 TL (240V)','7600W 240Vac Grid-Tied Solar PV Inverter',7600,NULL,NULL,NULL,NULL,0.975,240,NULL,NULL,NULL,NULL,NULL,'2014-07-07',NULL,NULL,'2014-07-07 21:10:44',NULL),(10204,1,53,'SE 7600A-US (240V)','7.6 kW 1-Phase (240Vac) Utility Interactive Inverter',7630,NULL,NULL,NULL,NULL,0.975,240,NULL,NULL,NULL,NULL,NULL,'2014-07-07',NULL,NULL,'2014-07-07 21:10:44',NULL),(10205,1,53,'SE 6000A-US (240V)','6 kW 240Vac, Utility-Interactive Inverter',6000,NULL,NULL,NULL,NULL,0.975,240,NULL,NULL,NULL,NULL,NULL,'2014-07-07',NULL,NULL,'2014-07-07 21:10:44',NULL),(10206,1,53,'SE 5000A-US (240V)','5 kW 240Vac, Utility-Interactive Inverter',5000,NULL,NULL,NULL,NULL,0.98,240,NULL,NULL,NULL,NULL,NULL,'2014-07-07',NULL,NULL,'2014-07-07 21:10:44',NULL),(10207,1,53,'SE 3800A-US (240V)','3.8 kW 240Vac, Utility-Interactive Inverter',3800,NULL,NULL,NULL,NULL,0.98,240,NULL,NULL,NULL,NULL,NULL,'2014-07-07',NULL,NULL,'2014-07-07 21:10:44',NULL),(10208,1,53,'SE 3000A-US (240V)','3 kW 240Vac, Utility-Interactive Inverter',3000,NULL,NULL,NULL,NULL,0.975,240,NULL,NULL,NULL,NULL,NULL,'2014-07-07',NULL,NULL,'2014-07-07 21:10:44',NULL),(10209,1,36,'SB5000US-12 (240V)','5kW, 240Vac Sunny Boy U-I Inverter w/ arc detector with display',5000,NULL,NULL,NULL,NULL,0.955,240,NULL,NULL,NULL,NULL,NULL,'2014-07-30',NULL,NULL,'2014-07-30 23:45:45',NULL),(10210,1,50,'PVI-3.6-OUTD-S-US-A (240V)','3.6 kW (240Vac) Utility Interactive Inverter (w/ arc detector -A models)',3600,NULL,NULL,NULL,NULL,0.96,240,NULL,NULL,NULL,NULL,NULL,'2014-07-30',NULL,NULL,'2014-07-30 23:46:05',NULL),(10211,1,50,'UNO-7.6-TL-OUTD-S-US-A (240V)','Transformerless Utility Interactive Inverter w/ arc detector',7600,NULL,NULL,NULL,NULL,0.965,240,NULL,NULL,NULL,NULL,NULL,'2014-10-15',NULL,NULL,'2014-10-15 20:51:17',NULL),(10212,1,50,'UNO-8.6-TL-OUTD-S-US-A (240V)','Transformerless Utility Interactive Inverter w/ arc detector',8600,NULL,NULL,NULL,NULL,0.965,240,NULL,NULL,NULL,NULL,NULL,'2014-10-15',NULL,NULL,'2014-10-15 20:51:17',NULL),(10213,1,35,'SB1600TL','1.6kW, 240Vac Sunny Boy U-I Inverter w/ arc detector with display',1600,NULL,NULL,NULL,NULL,0.96,230,NULL,NULL,NULL,NULL,NULL,'2014-10-24',NULL,NULL,'2014-10-24 18:34:23',NULL),(10214,1,35,'SB2100TL','2.1kW, 240Vac Sunny Boy U-I Inverter w/ arc detector with display',2100,NULL,NULL,NULL,NULL,0.96,230,NULL,NULL,NULL,NULL,NULL,'2014-10-24',NULL,NULL,'2014-10-24 18:34:23',NULL),(10215,1,50,'TRIO-5.8-TL-OUTD','5.8kW, 400Vac three phase string inverter, single MPPT',5800,NULL,NULL,NULL,NULL,0.974,400,NULL,NULL,NULL,NULL,NULL,'2014-10-24',NULL,NULL,'2014-10-24 18:34:23',NULL),(10216,1,50,'TRIO-7.5-TL-OUTD','7.5kW, 400Vac three phase string inverter,  dual MPPT',7500,NULL,NULL,NULL,NULL,0.975,400,NULL,NULL,NULL,NULL,NULL,'2014-10-24',NULL,NULL,'2014-10-24 18:34:23',NULL),(10217,1,50,'TRIO-8.7-TL-OUTD','8.5kW, 400Vac three phase string inverter,  dual MPPT',8500,NULL,NULL,NULL,NULL,0.975,400,NULL,NULL,NULL,NULL,NULL,'2014-10-24',NULL,NULL,'2014-10-24 18:34:23',NULL),(10218,1,51,'Evershine-TLC4000','4kW, 400Vac three phase string inverter,  dual MPPT',4000,NULL,NULL,NULL,NULL,0.975,400,NULL,NULL,NULL,NULL,NULL,'2014-10-24',NULL,NULL,'2014-10-24 18:34:23',NULL),(10219,1,51,'Evershine-TLC5000','5kW, 400Vac three phase string inverter,  dual MPPT',5000,NULL,NULL,NULL,NULL,0.975,400,NULL,NULL,NULL,NULL,NULL,'2014-10-24',NULL,NULL,'2014-10-24 18:34:23',NULL),(10220,1,51,'Evershine-TLC6000','6kW, 400Vac three phase string inverter,  dual MPPT',6000,NULL,NULL,NULL,NULL,0.975,400,NULL,NULL,NULL,NULL,NULL,'2014-10-24',NULL,NULL,'2014-10-24 18:34:23',NULL),(10221,1,51,'Evershine-TLC8000','8kW, 400Vac three phase string inverter,  dual MPPT',8000,NULL,NULL,NULL,NULL,0.975,400,NULL,NULL,NULL,NULL,NULL,'2014-10-24',NULL,NULL,'2014-10-24 18:34:23',NULL),(10222,1,51,'Eversol-TLC10K','10kW, 400Vac three phase string inverter,  dual MPPT',10000,NULL,NULL,NULL,NULL,0.975,400,NULL,NULL,NULL,NULL,NULL,'2014-10-24',NULL,NULL,'2014-10-24 18:34:23',NULL),(10223,2,48,'TSM-250 PC05A.082','250W Trina Smart with integrated Tigo DC optimiser',NULL,0.25,0.225,1650,992,NULL,NULL,NULL,NULL,-0.41,44,1.015,'2014-10-24',NULL,1.637,'2014-10-24 18:34:23',NULL),(10224,2,39,'SJ-255-P6P','255W Polycrystalline Module,Black Frame',NULL,0.255,0.255,1650,991,NULL,NULL,NULL,NULL,-0.43,45,1.00980392156863,'2014-12-10',NULL,1.635,'2014-12-10 02:28:14',NULL),(10225,2,48,'TSM-260 PC05A','260W Polycrystalline Module',NULL,0.26,0.26,1650,992,NULL,NULL,NULL,NULL,-0.41,44,1.015,'2014-12-10',NULL,1.637,'2014-12-10 02:28:14',NULL),(10226,2,13,'JAP6-60-260/3BB','260W Polycrystalline Module',NULL,0.26,0.26,1650,991,NULL,NULL,NULL,NULL,-0.43,45,1.00961538461538,'2014-12-10',NULL,1.635,'2014-12-10 02:28:14',NULL),(10227,1,54,'YC250-SAA','250W Micro inverter, single phase',250,NULL,NULL,NULL,NULL,0.955,230,NULL,NULL,NULL,NULL,NULL,'2014-12-10',NULL,NULL,'2014-12-10 02:28:14',NULL),(10228,1,54,'YC500-SAA','500W Micro inverter, single phase',500,NULL,NULL,NULL,NULL,0.955,230,NULL,NULL,NULL,NULL,NULL,'2014-12-10',NULL,NULL,'2014-12-10 02:28:14',NULL),(10229,1,54,'YC1000-SAA','1000W Micro inverter, three phase',900,NULL,NULL,NULL,NULL,0.94,230,1,NULL,NULL,NULL,NULL,'2014-12-10',NULL,NULL,'2014-12-10 02:28:14',NULL),(10231,2,12,'HiS-M250RG(BK)','250W Polycrystalline Module',NULL,0.25,0.2216,1640,998,NULL,NULL,NULL,NULL,-0.511499,46.2,1.015,'2014-12-17',NULL,1.637,'2014-12-18 00:34:55',NULL),(10232,2,12,'HiS-S270RG(BK)','270W Monocrystalline Module',NULL,0.27,0.242,1640,998,NULL,NULL,NULL,NULL,-0.485459,45.8,1.015,'2014-12-17',NULL,1.637,'2014-12-18 00:34:55',NULL),(10233,1,36,'SB7000TL-US-22-240V','7kW (240VAC) Utility-Interactive Inverter',7007,NULL,NULL,NULL,NULL,0.965,240,NULL,NULL,NULL,NULL,NULL,'2014-12-17',NULL,NULL,'2014-12-17 23:24:28',NULL),(10234,1,36,'SB7700TL-US-22-240V','7kW (240VAC) Utility-Interactive Inverter',7700,NULL,NULL,NULL,NULL,0.965,240,NULL,NULL,NULL,NULL,NULL,'2014-12-17',NULL,NULL,'2014-12-17 23:24:28',NULL),(10235,1,56,'Solis-5K-2G-US (240V)','5 kW 240Vac, Utility Interactive Inverter',4990,NULL,NULL,NULL,NULL,0.97,240,NULL,NULL,NULL,NULL,NULL,'2015-02-12',NULL,NULL,'2015-02-12 22:52:40',NULL),(10236,1,53,'SE9K','9 kW 3-Phase (208Vac) Utility-Interactive Inverter',9000,NULL,NULL,NULL,NULL,0.965,208,NULL,NULL,NULL,NULL,NULL,'2015-03-19',NULL,NULL,'2015-03-19 21:48:38',NULL),(10237,2,48,'TSM-255PA05.05','255W Polycrystalline Module',NULL,0.255,0.2338,1650,992,NULL,NULL,NULL,NULL,-0.43,43.6,1.015,'2015-04-07',NULL,1.618,'2015-04-07 20:48:14',NULL),(10238,2,48,'TSM-255PD05.05','255W Polycrystalline Module',NULL,0.255,0.2338,1650,992,NULL,NULL,NULL,NULL,-0.43,43.6,1.015,'2015-04-07',NULL,1.618,'2015-04-07 20:48:14',NULL),(10239,2,48,'TSM-250PD05.05','250W Polycrystalline Module',NULL,0.25,0.2291,1650,992,NULL,NULL,NULL,NULL,-0.43,43.6,1.015,'2015-04-07',NULL,1.618,'2015-04-07 20:48:14',NULL),(15001,1,24,'Omniksol-1.0k-TL','1000W(230)',1000,NULL,NULL,NULL,NULL,0.966,230,NULL,NULL,NULL,NULL,NULL,NULL,NULL,NULL,'2013-04-15 23:18:29',NULL),(15002,1,24,'Omniksol-1.5k-TL','1500W(230)',1500,NULL,NULL,NULL,NULL,0.966,230,NULL,NULL,NULL,NULL,NULL,NULL,NULL,NULL,'2013-04-15 23:18:29',NULL),(15003,1,24,'Omniksol-2.0k-TL','2000W(230)',2000,NULL,NULL,NULL,NULL,0.966,230,NULL,NULL,NULL,NULL,NULL,NULL,NULL,NULL,'2013-04-15 23:18:29',NULL),(15004,1,24,'Omniksol-3.0k-TL','3000W(230)',3000,NULL,NULL,NULL,NULL,0.966,230,NULL,NULL,NULL,NULL,NULL,NULL,NULL,NULL,'2013-04-15 23:18:29',NULL),(15005,1,24,'Omniksol-4.0k-TL','4000W(230)',4000,NULL,NULL,NULL,NULL,0.97,230,NULL,NULL,NULL,NULL,NULL,NULL,NULL,NULL,'2013-04-15 23:18:29',NULL),(15006,2,31,'Poly JC250M-24/Bb','250W Polycrystalline Silicon Module',NULL,0.25,0.2221,1640,992,NULL,NULL,NULL,NULL,-0.43,45,1.01,'2013-05-31','',1.62688,'2013-06-13 04:38:01',NULL),(15007,2,31,'Black JC250S-24/Bb-b','250W All Black Monocrystalline Silicon Module',NULL,0.25,0.2221,1640,992,NULL,NULL,NULL,NULL,-0.43,45,1.01,'2013-05-31','',1.62688,'2013-06-13 04:38:01',NULL),(15008,2,31,'Mono JC260S-24/Bb','260W Monocrystalline Silicon Module',NULL,0.26,0.230984,1640,992,NULL,NULL,NULL,NULL,-0.4,45,1.0096,'2013-05-31','',1.627,'2013-06-13 04:38:01',NULL),(15009,2,31,'Poly JC305M-24/Ab','305W Polycrystalline Silicon Module',NULL,0.305,0.270962,1956,992,NULL,NULL,NULL,NULL,-0.4,45,1.0082,'2013-05-31','',1.940352,'2013-06-13 04:38:01',NULL),(15010,1,19,'Soladin 600','600W(230)',600,NULL,NULL,NULL,NULL,0.963,230,NULL,NULL,NULL,NULL,NULL,NULL,NULL,NULL,'2013-04-15 23:18:29',NULL),(15011,2,45,'SR-M660260-B','260W ALL Black Monocrystalline Silicon Module',NULL,0.26,0.230984,1640,992,NULL,NULL,NULL,NULL,-0.45,45,NULL,NULL,NULL,1.627,'2013-08-19 17:14:10',NULL),(15012,1,32,'Samil Power 1100TL','1100W(230)',1100,NULL,NULL,NULL,NULL,0.978,230,NULL,NULL,NULL,NULL,NULL,'2013-11-22',NULL,NULL,'2013-11-22 22:04:04',NULL),(15013,1,32,'Samil Power 1600TL','1600W(230)',1600,NULL,NULL,NULL,NULL,0.978,230,NULL,NULL,NULL,NULL,NULL,'2013-11-22',NULL,NULL,'2013-11-22 22:04:04',NULL),(15014,1,32,'Samil Power 2300TL','2300W(230)',2300,NULL,NULL,NULL,NULL,0.978,230,NULL,NULL,NULL,NULL,NULL,'2013-11-22',NULL,NULL,'2013-11-22 22:04:04',NULL),(15015,1,32,'Samil Power 3000TL','3000W(230)',3000,NULL,NULL,NULL,NULL,0.978,230,NULL,NULL,NULL,NULL,NULL,'2013-11-22',NULL,NULL,'2013-11-22 22:04:04',NULL),(15016,1,32,'Samil Power 3400TLD','3400W(230)',3400,NULL,NULL,NULL,NULL,0.978,230,NULL,NULL,NULL,NULL,NULL,'2013-11-22',NULL,NULL,'2013-11-22 22:04:04',NULL),(15017,1,32,'Samil Power 4500TLD','4500W(230)',4500,NULL,NULL,NULL,NULL,0.978,230,NULL,NULL,NULL,NULL,NULL,'2013-11-22',NULL,NULL,'2013-11-22 22:04:04',NULL),(15018,1,32,'Samil Power 5200TLD','5200W(230)',5200,NULL,NULL,NULL,NULL,0.978,230,NULL,NULL,NULL,NULL,NULL,'2013-11-22',NULL,NULL,'2013-11-22 22:04:04',NULL),(15019,2,7,'P660255WW','255W Polycrystalline Silicon Module',NULL,0.255,0.22718,1640,992,NULL,NULL,NULL,NULL,-0.44,45,1.0098,'2013-11-22',NULL,1.62688,'2013-11-22 22:04:04',NULL),(15020,2,7,'M660255BB','255W All Black Monocrystalline Silicon Module',NULL,0.255,0.22718,1640,992,NULL,NULL,NULL,NULL,-0.43,45,1.0098,'2013-11-22',NULL,1.62688,'2013-11-22 22:04:04',NULL),(15021,2,37,'SCAP250BB','250W Black Denim polycrystalline Silicon Module',NULL,0.25,0.22,1640,996,NULL,NULL,NULL,NULL,-0.38,46,1.015,'2014-04-04',NULL,1.62688,'2014-04-04 21:00:41',NULL),(15022,2,17,'LG300N1C','300W All Black Monocrystalline Module',NULL,0.3,0.264,1640,1000,NULL,NULL,NULL,NULL,-0.42,45,1.015,'2014-04-04',NULL,1.63344,'2014-04-04 21:00:41',NULL),(15023,2,48,'TSM-260DC05A.05','260W All Black Monocrystalline Module',NULL,0.26,0.254,1650,992,NULL,NULL,NULL,NULL,-0.41,44,1.015,'2014-07-07',NULL,1.618,'2014-07-07 21:11:04',NULL),(15024,1,32,'Samil Power 4000TLD','4000W(230)',4000,NULL,NULL,NULL,NULL,0.978,230,NULL,NULL,NULL,NULL,NULL,'2014-08-19',NULL,NULL,'2014-08-19 23:02:53',NULL),(15025,1,24,'Omniksol-5.0k-TL','5000W(230)',5000,NULL,NULL,NULL,NULL,0.97,230,NULL,NULL,NULL,NULL,NULL,'2014-08-19',NULL,NULL,'2014-08-19 23:02:53',NULL),(15026,2,13,'JAM-60/285-PR','285W Monocrystalline Module',NULL,0.285,0.2508,1650,991,NULL,NULL,NULL,NULL,-0.41,40,1.015,'2014-08-19',NULL,1.63515,'2014-08-19 23:02:53',NULL),(15027,2,13,'JAM6-60/280-PR','280W Monocrystalline Module',NULL,0.28,0.2464,1650,991,NULL,NULL,NULL,NULL,-0.41,40,1.015,'2014-09-17',NULL,1.63515,'2014-09-17 00:11:36',NULL),(15028,2,55,'WL250-P','250W Poly Panel',NULL,0.25,0.22,1640,996,NULL,NULL,NULL,NULL,-0.42,45,1.015,'2015-01-08',NULL,1.63344,'2015-01-08 21:46:56',NULL),(15029,2,48,'TSM 270-DC05A.05','270W All Black Monocrystalline Module',NULL,0.27,0.2376,1650,992,NULL,NULL,NULL,NULL,-0.41,44,1.015,'2015-03-27',NULL,1.6368,'2015-03-27 00:05:49',NULL),(15030,1,24,'Omniksol-2.5k-TL-2S','2500W(230)',2500,NULL,NULL,NULL,NULL,0.969,230,NULL,NULL,NULL,NULL,NULL,'2015-05-28',NULL,NULL,'2015-05-28 22:59:32',NULL),(15031,2,40,'SW-250-P','250W Poly Panel',NULL,0.25,0.22,1675,961,NULL,NULL,NULL,NULL,-0.41,46,1.015,'2015-05-28',NULL,1.609675,'2015-05-28 22:59:32',NULL),(15032,2,58,'PM096B00-327','Monokristalline Module',NULL,0.327,0.28776,1559,1046,NULL,NULL,NULL,NULL,-0.38,45,1.015,'2015-05-28',NULL,1.630714,'2015-05-28 22:59:32',NULL),(17000,1,35,'SB 1300-TL','1.3 kW, 230 V Inverter',1000,NULL,NULL,NULL,NULL,0.943,230,NULL,NULL,NULL,NULL,NULL,'2015-04-23',NULL,NULL,'2015-04-23 22:40:47',NULL),(17001,1,35,'SB 1600-TL','1.6 kW, 230 V Inverter',1600,NULL,NULL,NULL,NULL,0.95,230,NULL,NULL,NULL,NULL,NULL,'2015-04-23',NULL,NULL,'2015-04-23 22:40:47',NULL),(17002,1,35,'SB 2100-TL','2.1 kW, 230 V Inverter',2100,NULL,NULL,NULL,NULL,0.952,230,NULL,NULL,NULL,NULL,NULL,'2015-04-23',NULL,NULL,'2015-04-23 22:40:47',NULL),(17003,1,35,'SB 2500-TL','2.5 kW, 230 V Inverter',2500,NULL,NULL,NULL,NULL,0.96,230,NULL,NULL,NULL,NULL,NULL,'2015-04-23',NULL,NULL,'2015-04-23 22:40:47',NULL),(17004,1,35,'SB 3000-TLD','3.0 kW, 230 V Inverter',3000,NULL,NULL,NULL,NULL,0.96,230,NULL,NULL,NULL,NULL,NULL,'2015-04-23',NULL,NULL,'2015-04-23 22:40:47',NULL),(17005,1,35,'SB 3600-TLD','3.6 kW, 230 V Inverter',3600,NULL,NULL,NULL,NULL,0.964,230,NULL,NULL,NULL,NULL,NULL,'2015-04-23',NULL,NULL,'2015-04-23 22:40:47',NULL),(17006,1,35,'SB 4000-TLD','4.0 kW, 230 V Inverter',4000,NULL,NULL,NULL,NULL,0.964,230,NULL,NULL,NULL,NULL,NULL,'2015-04-23',NULL,NULL,'2015-04-23 22:40:47',NULL),(17007,1,35,'SB 5000-TLD','5.0 kW, 230 V Inverter',5000,NULL,NULL,NULL,NULL,0.965,230,NULL,NULL,NULL,NULL,NULL,'2015-04-23',NULL,NULL,'2015-04-23 22:40:47',NULL),(17008,1,35,'STP 6000-TLD','6.0 kW, 230 V Inverter',6000,NULL,NULL,NULL,NULL,0.974,230,NULL,NULL,NULL,NULL,NULL,'2015-04-23',NULL,NULL,'2015-04-23 22:40:47',NULL),(17009,1,35,'STP 7000-TLD','7.0 kW, 230 V Inverter',7000,NULL,NULL,NULL,NULL,0.975,230,NULL,NULL,NULL,NULL,NULL,'2015-04-23',NULL,NULL,'2015-04-23 22:40:47',NULL),(17010,1,35,'STP 8000-TLD','8.0 kW, 230 V Inverter',8000,NULL,NULL,NULL,NULL,0.976,230,NULL,NULL,NULL,NULL,NULL,'2015-04-23',NULL,NULL,'2015-04-23 22:40:47',NULL),(17011,1,35,'STP 9000-TLD','9.0 kW, 230 V Inverter',9000,NULL,NULL,NULL,NULL,0.976,230,NULL,NULL,NULL,NULL,NULL,'2015-04-23',NULL,NULL,'2015-04-23 22:40:47',NULL),(17012,1,35,'STP 10000-TLD','10.0 kW, 230 V Inverter',10000,NULL,NULL,NULL,NULL,0.976,230,NULL,NULL,NULL,NULL,NULL,'2015-04-23',NULL,NULL,'2015-04-23 22:40:47',NULL),(17013,1,35,'STP 12000-TLD','12.0 kW, 230 V Inverter',12000,NULL,NULL,NULL,NULL,0.979,230,NULL,NULL,NULL,NULL,NULL,'2015-04-23',NULL,NULL,'2015-04-23 22:40:47',NULL),(17014,2,57,'SW 255W Blue','255W Polycrystalline Module',NULL,0.255,0.2244,1680,990,NULL,NULL,NULL,NULL,-0.38,45,1.015,'2015-04-23',NULL,1.663,'2015-04-23 22:40:47',NULL),(17015,2,13,'JA 265W Black','265W All Black Monocrystalline Module',NULL,0.265,0.2332,1650,991,NULL,NULL,NULL,NULL,-0.41,45,1.015,'2015-04-23',NULL,1.635,'2015-04-23 22:40:47',NULL),(17016,2,13,'JA 285W Mono','285W Monocrystalline Module',NULL,0.285,0.2508,1650,991,NULL,NULL,NULL,NULL,-0.41,45,1.015,'2015-04-23',NULL,1.635,'2015-04-23 22:40:47',NULL),(19000,1,24,'Omniksol-1.0k-TL-2','1.0 kW, 230 V Inverter',1000,NULL,NULL,NULL,NULL,0.963,230,NULL,NULL,NULL,NULL,NULL,'2015-06-17',NULL,NULL,'2015-06-17 02:23:20',NULL),(19001,1,24,'Omniksol-1.5k-TL-2','1.5 kW, 230 V Inverter',1500,NULL,NULL,NULL,NULL,0.965,230,NULL,NULL,NULL,NULL,NULL,'2015-06-17',NULL,NULL,'2015-06-17 02:23:20',NULL),(19002,1,24,'Omniksol-2.0k-TL-2','2.0 kW, 230 V Inverter',2000,NULL,NULL,NULL,NULL,0.966,230,NULL,NULL,NULL,NULL,NULL,'2015-06-17',NULL,NULL,'2015-06-17 02:23:20',NULL),(19003,1,24,'Omniksol-2.5k-TL-2S','2.5 kW, 230 V Inverter',2500,NULL,NULL,NULL,NULL,0.969,230,NULL,NULL,NULL,NULL,NULL,'2015-06-17',NULL,NULL,'2015-06-17 02:23:20',NULL),(19004,1,24,'Omniksol-3.0k-TL-2','3.0 kW, 230 V Inverter',3000,NULL,NULL,NULL,NULL,0.973,230,NULL,NULL,NULL,NULL,NULL,'2015-06-17',NULL,NULL,'2015-06-17 02:23:20',NULL),(19005,1,24,'Omniksol-4.0k-TL-2','4,0kW, 230 V Inverter',4000,NULL,NULL,NULL,NULL,0.975,230,NULL,NULL,NULL,NULL,NULL,'2015-06-17',NULL,NULL,'2015-06-17 02:23:20',NULL),(19006,1,24,'Omniksol-5.0k-TL-2','5,0kW, 230 V Inverter',5000,NULL,NULL,NULL,NULL,0.975,230,NULL,NULL,NULL,NULL,NULL,'2015-06-17',NULL,NULL,'2015-06-17 02:23:20',NULL),(19007,2,59,'SV60-250','250W Polycrystalline Panel',NULL,0.25,0.22,1650,992,NULL,NULL,NULL,NULL,1.015,-0.42,46,'2015-06-17',NULL,1.6368,'2015-06-17 02:23:20',NULL),(19008,2,60,'GIN P6-60-250','250W Polycrystalline Panel',NULL,0.25,0.22,1640,992,NULL,NULL,NULL,NULL,1.015,-0.43,46,'2015-06-17',NULL,1.62688,'2015-06-17 02:23:20',NULL),(19009,2,13,'JAM6-60/265-BK','265W Monocrystalline Full Black Panel',NULL,0.27,0.2376,1650,991,NULL,NULL,NULL,NULL,1.015,-0.41,44,'2015-06-17',NULL,1.63515,'2015-06-17 02:23:20',NULL),(19010,2,13,'JAM-60/285-PR','285W Monocrystalline Panel',NULL,0.285,0.2508,1650,991,NULL,NULL,NULL,NULL,1.015,-0.41,40,'2015-06-17',NULL,1.63515,'2015-06-17 02:23:20',NULL),(19011,2,58,'PM096B00-327','327W Monocrystalline Full Black Panel',NULL,0.327,0.28776,1559,1046,NULL,NULL,NULL,NULL,1.015,-0.38,45,'2015-06-17',NULL,1.630714,'2015-06-17 02:23:20',NULL);
/*!40000 ALTER TABLE `equipment` ENABLE KEYS */;
UNLOCK TABLES;
/*!40103 SET TIME_ZONE=@OLD_TIME_ZONE */;

/*!40101 SET SQL_MODE=@OLD_SQL_MODE */;
/*!40014 SET FOREIGN_KEY_CHECKS=@OLD_FOREIGN_KEY_CHECKS */;
/*!40014 SET UNIQUE_CHECKS=@OLD_UNIQUE_CHECKS */;
/*!40101 SET CHARACTER_SET_CLIENT=@OLD_CHARACTER_SET_CLIENT */;
/*!40101 SET CHARACTER_SET_RESULTS=@OLD_CHARACTER_SET_RESULTS */;
/*!40101 SET COLLATION_CONNECTION=@OLD_COLLATION_CONNECTION */;
/*!40111 SET SQL_NOTES=@OLD_SQL_NOTES */;

-- Dump completed on 2015-06-18 14:32:33
